会員ID,登録エリア,性別,生まれ年,回答時の年齢,年代,都道府県,会員市町村,世帯年収,UA,回答日時,回答月,回答エリア,回答エリア2,市町村,6分類,DMO,宿泊数（全体）,宿泊数（県内）,宿泊エリア（県内）,宿泊エリア（県外）,同行者,訪問目的ALL,宿でのんびり過ごす,温泉や露天風呂,地元の美味しいものを食べる,花見や紅葉などの自然鑑賞,名所、旧跡の観光,テーマパーク（遊園地、動物園、博物館など）,買い物、アウトレット,お祭りやイベントへの参加・見物,スポーツ観戦や芸能鑑賞（コンサート等）,アウトドア（海水浴、釣り、登山など）,まちあるき、都市散策,各種体験（手作り、果物狩りなど）,スキー・スノボ、マリンスポーツ,その他スポーツ（ゴルフ、テニスなど）,ドライブ・ツーリング,友人・親戚を尋ねる,出張など仕事関係,その他,福井県までの交通手段ALL,自家用車,レンタカー,新幹線,在来線,飛行機,旅行会社ツアーバス,県外から訪れていない（福井県在住）,その他,福井県内での交通手段ALL,自家用車,レンタカー,タクシー,在来線,旅行会社ツアーバス,路線バス,徒歩,レンタサイクル,その他,福井県内での交通手段の満足度,福井県内での交通手段の満足度の理由,宿泊費,交通費,県内消費額,エリア訪問回数,情報収集ALL,観光展・物産展,新聞・雑誌・ガイドブック,TV・ラジオ番組やCM,観光パンフレット・ポスター,観光連盟やDMOのHP,インターネット・アプリ,Twitter,Instagram,Facebook,ブログ,友人・知人,観光協会等の案内所,タクシードライバーや地元の人,宿泊施設,その他,アンケート回答前に訪問した主な場所,アンケート回答前に訪問した主な場所FA,アンケート回答後に訪問する予定の主な場所,アンケート回答前に訪問した主な場所FA,エリア総消費額,満足度(商品・サービス),満足度(商品・サービス)の理由,満足度,満足度の理由,不便さ,不便さの内容,NPS,推奨項目,施設に求めるもの,今後の来訪意向,福井県に求めるもの
146960,福井駅前 エリア（宿泊施設）,男,1985,38,30代,東京都,江戸川区,"1,000万円以上 1,200万円未満",mobile/android,2023-11-14 23:31:52,11月,福井駅前 エリア（宿泊施設）,02.福井駅前 エリア（宿泊施設）,福井市,福井市・永平寺町,,1泊,1泊,福井エリア（福井市・永平寺町）,福井県外には宿泊しない,自分ひとり,"出張など仕事関係
",0,0,0,0,0,0,0,0,0,0,0,0,0,0,0,0,1,0,"新幹線
",0,0,1,0,0,0,0,0,"在来線
",0,0,0,1,0,0,0,0,0,満足,,"1,000円以上 3,000円未満","30,000円以上 40,000円未満","1,000円以上 3,000円未満",初めて,"インターネット・アプリ
",0,0,0,0,0,1,0,0,0,0,0,0,0,0,0,選択なし/該当施設なし,,選択なし/該当施設なし,,"1,000円以上 3,000円未満",どちらでもない,,不満,商業施設や土産店が少ない,感じなかった,,5,,,機会があれば行きたい,
146397,web,女,1988,35,30代,福井県,南条郡,500万円以上 600万円未満,mobile/iphone,2023-11-14 22:26:10,11月,今庄宿 エリア,60.今庄宿 エリア,南越前町,丹南,,日帰り,福井県内には宿泊しない,福井県内には宿泊しない,福井県外には宿泊しない,小学生以下連れの家族,"お祭りやイベントへの参加・見物
",0,0,0,0,0,0,0,1,0,0,0,0,0,0,0,0,0,0,"県外から訪れていない（福井県在住）
",0,0,0,0,0,0,1,0,"徒歩
",0,0,0,0,0,0,1,0,0,,,"5,000円以上 10,000円未満","1,000円未満","3,000円以上 5,000円未満",2～5回目,"TV・ラジオ番組やCM
",0,0,1,0,0,0,0,0,0,0,0,0,0,0,0,選択なし/該当施設なし,,選択なし/該当施設なし,,"3,000円以上 5,000円未満",とても満足,,満足,,感じなかった,,7,,,また行きたい（1年以内）,
146397,web,女,1988,35,30代,福井県,南条郡,500万円以上 600万円未満,mobile/iphone,2023-11-14 22:23:24,11月,道の駅「南えちぜん山海里」 エリア,58.道の駅「南えちぜん山海里」 エリア,南越前町,丹南,,日帰り,福井県内には宿泊しない,福井県内には宿泊しない,福井県外には宿泊しない,小学生以下連れの家族,"買い物、アウトレット
お祭りやイベントへの参加・見物
",0,0,0,0,0,0,1,1,0,0,0,0,0,0,0,0,0,0,"県外から訪れていない（福井県在住）
",0,0,0,0,0,0,1,0,"自家用車
",1,0,0,0,0,0,0,0,0,,,"5,000円以上 10,000円未満","1,000円未満","3,000円以上 5,000円未満",2～5回目,"TV・ラジオ番組やCM
",0,0,1,0,0,0,0,0,0,0,0,0,0,0,0,選択なし/該当施設なし,,選択なし/該当施設なし,,"3,000円以上 5,000円未満",とても満足,キッズエリアなどが充実していてよかった,満足,,感じなかった,,8,,,また行きたい（1年以内）,
146646,一乗谷朝倉氏遺跡 エリア,女,2000,23,20代,三重県,鈴鹿市,100万円未満,mobile/android,2023-11-14 21:22:21,11月,越前松島水族館 エリア,11.越前松島水族館 エリア,坂井市,あわら市・坂井市,(一社)DMOさかい観光局,4泊以上,4泊以上,三国・あわらエリア（あわら市・坂井市）,福井県外には宿泊しない,自分ひとり,"温泉や露天風呂
地元の美味しいものを食べる
花見や紅葉などの自然鑑賞
名所、旧跡の観光
ドライブ・ツーリング
出張など仕事関係
",0,1,1,1,1,0,0,0,0,0,0,0,0,0,1,0,1,0,"自家用車
",1,0,0,0,0,0,0,0,"自家用車
",1,0,0,0,0,0,0,0,0,,,使わない,"5,000円以上 10,000円未満","5,000円以上 10,000円未満",初めて,"観光パンフレット・ポスター
インターネット・アプリ
",0,0,0,1,0,1,0,0,0,0,0,0,0,0,0,一乗谷朝倉氏遺跡,,道の駅「若狭おばま」,,"1,000円以上 3,000円未満",とても満足,"越前松島水族館
パンフレットやウェブサイドから、あまり期待していなかったが、海洋生物に触れられる機会が多く、また説明もわかりやすく、とてもよかった。",とても満足,海洋生物に触れられる機会が多く、また説明もわかりやすく、とてもよかった。,感じなかった,,10,"越前松島水族館
あざらしなど海洋生物に触れられる点",,また行きたい（1年以内）,"福井についての雑誌で、棗という地区でナツメを栽培してるというのを知った。
なかなか日本でナツメを栽培している所はないと思うので、これはよい農産物だと思う。"
146956,丸岡城 エリア,男,1984,39,30代,京都府,京都市南区,400万円以上 500万円未満,mobile/iphone,2023-11-14 21:07:42,11月,丸岡城 エリア,13.丸岡城 エリア,坂井市,あわら市・坂井市,(一社)DMOさかい観光局,日帰り,福井県内には宿泊しない,福井県内には宿泊しない,福井県外には宿泊しない,その他家族,"名所、旧跡の観光
",0,0,0,0,1,0,0,0,0,0,0,0,0,0,0,0,0,0,"自家用車
",1,0,0,0,0,0,0,0,"自家用車
",1,0,0,0,0,0,0,0,0,とても満足,,"20,000円以上 30,000円未満","10,000円以上 20,000円未満","10,000円以上 20,000円未満",初めて,"観光展・物産展
",1,0,0,0,0,0,0,0,0,0,0,0,0,0,0,丸岡城,,選択なし/該当施設なし,,"1,000円以上 3,000円未満",とても満足,,とても満足,,感じた,階段,10,,,,
146943,一乗谷朝倉氏遺跡 エリア,女,1972,51,50代,千葉県,柏市,"900万円以上 1,000万円未満",pc/others,2023-11-14 21:02:39,11月,一乗谷朝倉氏遺跡 エリア,06.一乗谷朝倉氏遺跡 エリア,福井市,福井市・永平寺町,,3泊,2泊,福井エリア（福井市・永平寺町）,富山市,親,"テーマパーク（遊園地、動物園、博物館など）
",0,0,0,0,0,1,0,0,0,0,0,0,0,0,0,0,0,0,"新幹線
在来線
",0,0,1,1,0,0,0,0,"路線バス
",0,0,0,0,0,1,0,0,0,不満,バスが古くて乗り心地が悪かったです。ドライバーさんはフレンドリーで良い方でした。,"50,000円以上 100,000円未満","50,000円以上 100,000円未満","30,000円以上 40,000円未満",初めて,"新聞・雑誌・ガイドブック
",0,1,0,0,0,0,0,0,0,0,0,0,0,0,0,福井県立恐竜博物館,,選択なし/該当施設なし,,"1,000円以上 3,000円未満",とても満足,,とても満足,恐竜博物館、一乗谷資料館共にクオリティが高いと感じました。,感じた,バスが古くて乗り心地が悪く、本数も少なかったです。,10,恐竜博物館、一乗谷資料館など、他県にない貴重な資料が多く展示されているから。,,また行きたい（1年以内）,
146955,道の駅みくに ふれあいパーク三里浜 エリア,男,1971,52,50代,滋賀県,草津市,500万円以上 600万円未満,mobile/iphone,2023-11-14 20:35:15,11月,道の駅みくに ふれあいパーク三里浜 エリア,15.道の駅みくに ふれあいパーク三里浜 エリア,坂井市,あわら市・坂井市,(一社)DMOさかい観光局,日帰り,福井県内には宿泊しない,越前エリア（越前市・越前町・鯖江市・池田町・南越前町）,福井県外には宿泊しない,友人,"名所、旧跡の観光
",0,0,0,0,1,0,0,0,0,0,0,0,0,0,0,0,0,0,"自家用車
",1,0,0,0,0,0,0,0,"自家用車
",1,0,0,0,0,0,0,0,0,,,"10,000円以上 20,000円未満","5,000円以上 10,000円未満","5,000円以上 10,000円未満",初めて,"Instagram
",0,0,0,0,0,0,0,1,0,0,0,0,0,0,0,丸岡城,,丸岡城,,"1,000円以上 3,000円未満",とても満足,,満足,,感じなかった,,5,,,また行きたい（1年以内）,
146952,越前海岸 茂原民宿街 エリア,女,1951,72,70代,神奈川県,横須賀市,100万円未満,mobile/iphone,2023-11-14 18:23:02,11月,越前海岸 茂原民宿街 エリア,55.越前海岸 茂原民宿街 エリア,越前町,丹南,一般社団法人 越前町観光連盟,4泊以上,1泊,越前エリア（越前市・越前町・鯖江市・池田町・南越前町）,奈良県,夫婦2人,"その他
",0,0,0,0,0,0,0,0,0,0,0,0,0,0,0,0,0,カニをたべる,"自家用車
",1,0,0,0,0,0,0,0,"自家用車
",1,0,0,0,0,0,0,0,0,とても満足,道がはしりやすく　よかったです,"40,000円以上 50,000円未満","10,000円以上 20,000円未満","20,000円以上 30,000円未満",2～5回目,"インターネット・アプリ
宿泊施設
",0,0,0,0,0,1,0,0,0,0,0,0,0,1,0,大本山永平寺,富山県からきた,選択なし/該当施設なし,明日は奈良県にいきます,"40,000円以上 50,000円未満",満足,,満足,カニを食べることが　目的だったので　旅館のよいには　いかなかったけれど　民宿で　充分でした,感じた,けれど　　満足しています,10,カニをたらふく食べたから,"食べるのも　カニ　　お土産も　かに
あとは　海をながめて　ほっこり　しました",また行きたい（1年以内）,今は　地元に　いつも　なんでも　いただけるのですが　やっぱり　地元で　いただくのは　べつものです
146954,北陸新幹線 越前たけふ駅 エリア,男,1963,60,60代,福島県,会津若松市,分からない/無回答,mobile/android,2023-11-14 18:05:28,11月,メガネストリート エリア,45.メガネストリート エリア,鯖江市,丹南,,1泊,1泊,越前エリア（越前市・越前町・鯖江市・池田町・南越前町）,福井県外には宿泊しない,夫婦2人,"まちあるき、都市散策
",0,0,0,0,0,0,0,0,0,0,1,0,0,0,0,0,0,0,"自家用車
",1,0,0,0,0,0,0,0,"自家用車
",1,0,0,0,0,0,0,0,0,,,"5,000円以上 10,000円未満","5,000円以上 10,000円未満","10,000円以上 20,000円未満",初めて,"インターネット・アプリ
",0,0,0,0,0,1,0,0,0,0,0,0,0,0,0,選択なし/該当施設なし,越前そば。,選択なし/該当施設なし,,"1,000円以上 3,000円未満",とても満足,展示が分かりやすくてよかったです。,とても満足,内容充実なのに無料なのがすごいです。,感じなかった,,10,,,また行きたい（1年以内）,
146954,北陸新幹線 越前たけふ駅 エリア,男,1963,60,60代,福島県,会津若松市,分からない/無回答,mobile/android,2023-11-14 17:58:46,11月,北陸新幹線 越前たけふ駅 エリア,38.北陸新幹線 越前たけふ駅 エリア,越前市,丹南,,1泊,1泊,越前エリア（越前市・越前町・鯖江市・池田町・南越前町）,福井県外には宿泊しない,夫婦2人,"地元の美味しいものを食べる
名所、旧跡の観光
スポーツ観戦や芸能鑑賞（コンサート等）
アウトドア（海水浴、釣り、登山など）
まちあるき、都市散策
",0,0,1,0,1,0,0,0,1,1,1,0,0,0,0,0,0,0,"自家用車
",1,0,0,0,0,0,0,0,"自家用車
",1,0,0,0,0,0,0,0,0,,,"5,000円以上 10,000円未満","5,000円以上 10,000円未満","10,000円以上 20,000円未満",11回目以上,"観光パンフレット・ポスター
インターネット・アプリ
",0,0,0,1,0,1,0,0,0,0,0,0,0,0,0,選択なし/該当施設なし,,三國湊レトロ,,"1,000円以上 3,000円未満",とても満足,,満足,きれい。おいしい。,感じなかった,,10,越前そばがおいしかったです。,,また行きたい（1年以内）,おいしさ。
146951,あわら湯のまち エリア,男,1963,60,60代,栃木県,真岡市,300万円以上 400万円未満,mobile/android,2023-11-14 17:20:30,11月,あわら湯のまち エリア,17.あわら湯のまち エリア,あわら市,あわら市・坂井市,,1泊,1泊,三国・あわらエリア（あわら市・坂井市）,福井県外には宿泊しない,自分ひとり,"温泉や露天風呂
",0,1,0,0,0,0,0,0,0,0,0,0,0,0,0,0,0,0,"自家用車
",1,0,0,0,0,0,0,0,"自家用車
",1,0,0,0,0,0,0,0,0,,,"10,000円以上 20,000円未満","10,000円以上 20,000円未満","10,000円以上 20,000円未満",2～5回目,"インターネット・アプリ
宿泊施設
",0,0,0,0,0,1,0,0,0,0,0,0,0,1,0,選択なし/該当施設なし,,選択なし/該当施設なし,,"3,000円以上 5,000円未満",満足,,満足,,感じなかった,,7,,,機会があれば行きたい,
127941,武生駅 エリア,女,1985,38,30代,三重県,桑名市,700万円以上 800万円未満,mobile/iphone,2023-11-14 16:57:56,11月,道の駅「越前」 エリア,49.道の駅「越前」 エリア,越前町,丹南,一般社団法人 越前町観光連盟,1泊,1泊,三国・あわらエリア（あわら市・坂井市）,福井県外には宿泊しない,恋人,"地元の美味しいものを食べる
名所、旧跡の観光
",0,0,1,0,1,0,0,0,0,0,0,0,0,0,0,0,0,0,"自家用車
",1,0,0,0,0,0,0,0,"自家用車
",1,0,0,0,0,0,0,0,0,,,"30,000円以上 40,000円未満","3,000円以上 5,000円未満","5,000円以上 10,000円未満",2～5回目,"インターネット・アプリ
",0,0,0,0,0,1,0,0,0,0,0,0,0,0,0,福井県立恐竜博物館,,レインボーライン,,"1,000円以上 3,000円未満",満足,カニ祭りが楽しめた,満足,にぎやかだった,感じなかった,,8,恐竜博物館は見ごたえがあった,越前ガニが安く買えること,また行きたい（1年以内）,"手軽に食べられること
お土産が買えるところがたくさんあること"
146949,web,女,1969,54,50代,福井県,坂井市,700万円以上 800万円未満,mobile/iphone,2023-11-14 15:59:22,11月,えちぜん鉄道 永平寺口駅 エリア,31.えちぜん鉄道 永平寺口駅 エリア,永平寺町,福井市・永平寺町,,1泊,1泊,福井エリア（福井市・永平寺町）,福井県外には宿泊しない,友人,"地元の美味しいものを食べる
",0,0,1,0,0,0,0,0,0,0,0,0,0,0,0,0,0,0,"県外から訪れていない（福井県在住）
",0,0,0,0,0,0,1,0,"自家用車
",1,0,0,0,0,0,0,0,0,,,"5,000円以上 10,000円未満","10,000円以上 20,000円未満","10,000円以上 20,000円未満",2～5回目,"観光パンフレット・ポスター
",0,0,0,1,0,0,0,0,0,0,0,0,0,0,0,大本山永平寺,　,選択なし/該当施設なし,,"10,000円以上 20,000円未満",満足,,満足,,感じなかった,,8,,,また行きたい（1年以内）,
146946,レインボーライン エリア,男,1965,58,50代,愛知県,名古屋市中区,分からない/無回答,mobile/android,2023-11-14 15:32:30,11月,レインボーライン エリア,77.レインボーライン エリア,美浜町,嶺南東部,三方五湖DMO(株),日帰り,福井県内には宿泊しない,福井県内には宿泊しない,名古屋発着の日帰りツアー,団体旅行,"出張など仕事関係
",0,0,0,0,0,0,0,0,0,0,0,0,0,0,0,0,1,0,"旅行会社ツアーバス
",0,0,0,0,0,1,0,0,"旅行会社ツアーバス
",0,0,0,0,1,0,0,0,0,満足,,使わない,"10,000円以上 20,000円未満","3,000円以上 5,000円未満",初めて,"インターネット・アプリ
友人・知人
",0,0,0,0,0,1,0,0,0,0,1,0,0,0,0,氣比神宮,,選択なし/該当施設なし,三方五湖レーククルーズ,"5,000円以上 10,000円未満",満足,,満足,,感じなかった,,9,人柄が良い。食べ物美味しいから,羽二重餅以外のお土産拡充,また行きたい（1年以内）,
102650,道の駅「越前」 エリア,男,1962,61,60代,石川県,野々市市,800万円以上 900万円未満,mobile/iphone,2023-11-14 15:17:43,11月,福井駅前 エリア,01.福井駅前 エリア,福井市,福井市・永平寺町,,日帰り,福井県内には宿泊しない,福井県内には宿泊しない,福井県外には宿泊しない,職場の同僚,"出張など仕事関係
",0,0,0,0,0,0,0,0,0,0,0,0,0,0,0,0,1,0,"在来線
",0,0,0,1,0,0,0,0,"在来線
",0,0,0,1,0,0,0,0,0,とても満足,,使わない,"1,000円以上 3,000円未満","3,000円以上 5,000円未満",11回目以上,"友人・知人
",0,0,0,0,0,0,0,0,0,0,1,0,0,0,0,選択なし/該当施設なし,,選択なし/該当施設なし,,使わない,とても満足,,とても満足,,感じなかった,,8,,,機会があれば行きたい,
102709,越前和紙の里 エリア,男,1971,52,50代,福井県,敦賀市,700万円以上 800万円未満,mobile/iphone,2023-11-14 15:16:24,11月,北陸新幹線 越前たけふ駅 エリア,38.北陸新幹線 越前たけふ駅 エリア,越前市,丹南,,日帰り,福井県内には宿泊しない,福井県内には宿泊しない,福井県外には宿泊しない,自分ひとり,"花見や紅葉などの自然鑑賞
",0,0,0,1,0,0,0,0,0,0,0,0,0,0,0,0,0,0,"県外から訪れていない（福井県在住）
",0,0,0,0,0,0,1,0,"自家用車
",1,0,0,0,0,0,0,0,0,,,"1,000円未満",使わない,"1,000円未満",6～10回目,"TV・ラジオ番組やCM
",0,0,1,0,0,0,0,0,0,0,0,0,0,0,0,選択なし/該当施設なし,,選択なし/該当施設なし,,"1,000円未満",満足,,とても満足,,感じなかった,,9,,,福井県在住,
122311,web,女,1953,70,70代,福井県,福井市,200万円以上 300万円未満,mobile/android,2023-11-14 15:10:04,11月,紫式部公園 エリア,41.紫式部公園 エリア,越前市,丹南,,日帰り,福井県内には宿泊しない,福井県内には宿泊しない,福井県外には宿泊しない,友人,"地元の美味しいものを食べる
",0,0,1,0,0,0,0,0,0,0,0,0,0,0,0,0,0,0,"県外から訪れていない（福井県在住）
",0,0,0,0,0,0,1,0,"自家用車
",1,0,0,0,0,0,0,0,0,満足,,使わない,使わない,"5,000円以上 10,000円未満",2～5回目,"新聞・雑誌・ガイドブック
",0,1,0,0,0,0,0,0,0,0,0,0,0,0,0,越前海岸,,選択なし/該当施設なし,,使わない,満足,,満足,,感じなかった,,8,,,福井県在住,
146948,若狭和田 エリア,女,1983,40,40代,和歌山県,橋本市,300万円以上 400万円未満,mobile/iphone,2023-11-14 15:01:33,11月,若狭和田 エリア,89.若狭和田 エリア,高浜町,嶺南西部,,1泊,1泊,嶺南エリア（敦賀市・美浜町・若狭町・小浜市・おおい町・高浜町）,福井県外には宿泊しない,小学生以下連れの家族,"宿でのんびり過ごす
地元の美味しいものを食べる
",1,0,1,0,0,0,0,0,0,0,0,0,0,0,0,0,0,0,"自家用車
",1,0,0,0,0,0,0,0,"自家用車
",1,0,0,0,0,0,0,0,0,,,"10,000円以上 20,000円未満","3,000円以上 5,000円未満","10,000円以上 20,000円未満",初めて,"観光パンフレット・ポスター
",0,0,0,1,0,0,0,0,0,0,0,0,0,0,0,きのこの森,,選択なし/該当施設なし,エルドランド,"1,000円未満",とても満足,,とても満足,,感じなかった,,9,,,また行きたい（1年以内）,
146895,福井駅前 エリア（宿泊施設）,女,1985,38,30代,東京都,江戸川区,分からない/無回答,mobile/iphone,2023-11-14 14:34:34,11月,一乗谷朝倉氏遺跡 エリア,06.一乗谷朝倉氏遺跡 エリア,福井市,福井市・永平寺町,,2泊,2泊,福井エリア（福井市・永平寺町）,福井県外には宿泊しない,親,"スポーツ観戦や芸能鑑賞（コンサート等）
",0,0,0,0,0,0,0,0,1,0,0,0,0,0,0,0,0,0,"飛行機
",0,0,0,0,1,0,0,0,"レンタカー
",0,1,0,0,0,0,0,0,0,満足,,"20,000円以上 30,000円未満","20,000円以上 30,000円未満","30,000円以上 40,000円未満",初めて,"Instagram
",0,0,0,0,0,0,0,1,0,0,0,0,0,0,0,選択なし/該当施設なし,余呉駅,一乗谷朝倉氏遺跡,,使わない,満足,思ったよりとてもキレイで良かったです,満足,,感じなかった,,7,,,機会があれば行きたい,
146634,web,男,1965,58,50代,福井県,福井市,100万円未満,mobile/android,2023-11-14 13:55:54,11月,小浜 エリア（宿泊施設）,69.小浜 エリア（宿泊施設）,小浜市,嶺南西部,(株)まちづくり小浜,日帰り,福井県内には宿泊しない,福井県内には宿泊しない,福井県外には宿泊しない,自分ひとり,"出張など仕事関係
",0,0,0,0,0,0,0,0,0,0,0,0,0,0,0,0,1,0,"自家用車
",1,0,0,0,0,0,0,0,"レンタカー
",0,1,0,0,0,0,0,0,0,,,使わない,使わない,使わない,初めて,"観光展・物産展
",1,0,0,0,0,0,0,0,0,0,0,0,0,0,0,選択なし/該当施設なし,,選択なし/該当施設なし,,使わない,とても満足,,とても満足,,感じなかった,,6,,,,
136082,web,女,1987,36,30代,石川県,金沢市,100万円未満,mobile/iphone,2023-11-14 13:25:36,11月,越前大野城・城下町 エリア,21.越前大野城・城下町 エリア,大野市,勝山市・大野市,,1泊,1泊,福井エリア（福井市・永平寺町）,福井県外には宿泊しない,恋人,"まちあるき、都市散策
",0,0,0,0,0,0,0,0,0,0,1,0,0,0,0,0,0,0,"自家用車
",1,0,0,0,0,0,0,0,"自家用車
",1,0,0,0,0,0,0,0,0,,,"3,000円以上 5,000円未満","3,000円以上 5,000円未満","5,000円以上 10,000円未満",2～5回目,"友人・知人
",0,0,0,0,0,0,0,0,0,0,1,0,0,0,0,選択なし/該当施設なし,,選択なし/該当施設なし,,"1,000円以上 3,000円未満",満足,,満足,,感じなかった,,8,,,,
140983,フルーツライン エリア,女,2003,20,20代,福井県,丹生郡,分からない/無回答,mobile/iphone,2023-11-14 13:05:59,11月,道の駅「パークイン丹生ヶ丘」 エリア,50.道の駅「パークイン丹生ヶ丘」 エリア,越前町,丹南,一般社団法人 越前町観光連盟,日帰り,福井県内には宿泊しない,福井県内には宿泊しない,福井県外には宿泊しない,親,"地元の美味しいものを食べる
",0,0,1,0,0,0,0,0,0,0,0,0,0,0,0,0,0,0,"自家用車
",1,0,0,0,0,0,0,0,"自家用車
",1,0,0,0,0,0,0,0,0,,,"1,000円以上 3,000円未満","1,000円以上 3,000円未満","3,000円以上 5,000円未満",6～10回目,"観光パンフレット・ポスター
",0,0,0,1,0,0,0,0,0,0,0,0,0,0,0,選択なし/該当施設なし,,選択なし/該当施設なし,,"1,000円以上 3,000円未満",とても満足,,満足,,感じなかった,,9,,,,
100964,JR福井駅・ハピリンモール（1F）,女,1957,66,60代,福井県,越前市,100万円以上 200万円未満,mobile/android,2023-11-14 12:35:16,11月,越前陶芸村 エリア,52.越前陶芸村 エリア,越前町,丹南,一般社団法人 越前町観光連盟,日帰り,福井県内には宿泊しない,福井県内には宿泊しない,自宅,自分ひとり,"地元の美味しいものを食べる
",0,0,1,0,0,0,0,0,0,0,0,0,0,0,0,0,0,0,"自家用車
",1,0,0,0,0,0,0,0,"自家用車
",1,0,0,0,0,0,0,0,0,,,"1,000円以上 3,000円未満","1,000円未満","1,000円以上 3,000円未満",6～10回目,"観光パンフレット・ポスター
",0,0,0,1,0,0,0,0,0,0,0,0,0,0,0,選択なし/該当施設なし,,選択なし/該当施設なし,,"1,000円以上 3,000円未満",満足,,満足,,感じなかった,,7,,,機会があれば行きたい,
146942,道の駅みくに ふれあいパーク三里浜 エリア,男,1986,37,30代,滋賀県,栗東市,500万円以上 600万円未満,mobile/iphone,2023-11-14 12:34:28,11月,道の駅みくに ふれあいパーク三里浜 エリア,15.道の駅みくに ふれあいパーク三里浜 エリア,坂井市,あわら市・坂井市,(一社)DMOさかい観光局,日帰り,福井県内には宿泊しない,福井県内には宿泊しない,福井県外には宿泊しない,職場の同僚,"出張など仕事関係
",0,0,0,0,0,0,0,0,0,0,0,0,0,0,0,0,1,0,"自家用車
",1,0,0,0,0,0,0,0,"自家用車
",1,0,0,0,0,0,0,0,0,,,使わない,"5,000円以上 10,000円未満","1,000円以上 3,000円未満",6～10回目,"友人・知人
",0,0,0,0,0,0,0,0,0,0,1,0,0,0,0,ふれあいパーク三里浜(道の駅「みくに」),,選択なし/該当施設なし,,"1,000円以上 3,000円未満",満足,,満足,,感じなかった,,7,,,機会があれば行きたい,
146941,丸岡城 エリア,男,1965,58,50代,福井県,福井市,分からない/無回答,mobile/android,2023-11-14 12:15:20,11月,丸岡城 エリア,13.丸岡城 エリア,坂井市,あわら市・坂井市,(一社)DMOさかい観光局,日帰り,福井県内には宿泊しない,福井県内には宿泊しない,石川県加賀市,夫婦2人,"宿でのんびり過ごす
温泉や露天風呂
地元の美味しいものを食べる
名所、旧跡の観光
",1,1,1,0,1,0,0,0,0,0,0,0,0,0,0,0,0,0,"県外から訪れていない（福井県在住）
",0,0,0,0,0,0,1,0,"自家用車
",1,0,0,0,0,0,0,0,0,どちらでもない,,使わない,使わない,"3,000円以上 5,000円未満",11回目以上,"友人・知人
",0,0,0,0,0,0,0,0,0,0,1,0,0,0,0,選択なし/該当施設なし,,選択なし/該当施設なし,,"1,000円以上 3,000円未満",どちらでもない,,どちらでもない,,感じなかった,,6,,,,
146940,スーベニアショップ ラプトル エリア,女,1961,62,60代,東京都,墨田区,"1,200万円以上 1,500万円未満",mobile/android,2023-11-14 12:02:37,11月,スーベニアショップ ラプトル エリア,25.スーベニアショップ ラプトル エリア,勝山市,勝山市・大野市,勝山市観光まちづくり(株),2泊,福井県内には宿泊しない,福井県内には宿泊しない,石川県金沢市,夫婦2人,"テーマパーク（遊園地、動物園、博物館など）
",0,0,0,0,0,1,0,0,0,0,0,0,0,0,0,0,0,0,"レンタカー
",0,1,0,0,0,0,0,0,"レンタカー
",0,1,0,0,0,0,0,0,0,満足,高速道路が快適だった,使わない,"50,000円以上 100,000円未満","5,000円以上 10,000円未満",初めて,"観光展・物産展
",1,0,0,0,0,0,0,0,0,0,0,0,0,0,0,選択なし/該当施設なし,,選択なし/該当施設なし,,"3,000円以上 5,000円未満",どちらでもない,食事のメニューが少ない,どちらでもない,特に不便は感じない。,感じなかった,,5,,,機会があれば行きたい,
102650,道の駅「越前」 エリア,男,1962,61,60代,石川県,野々市市,800万円以上 900万円未満,mobile/iphone,2023-11-14 11:58:28,11月,ふくい鮮いちば エリア,05.ふくい鮮いちば エリア,福井市,福井市・永平寺町,,日帰り,福井県内には宿泊しない,福井県内には宿泊しない,福井県外には宿泊しない,職場の同僚,"出張など仕事関係
",0,0,0,0,0,0,0,0,0,0,0,0,0,0,0,0,1,0,"在来線
",0,0,0,1,0,0,0,0,"その他
",0,0,0,0,0,0,0,0,社用車,満足,,使わない,"1,000円以上 3,000円未満","3,000円以上 5,000円未満",2～5回目,"友人・知人
",0,0,0,0,0,0,0,0,0,0,1,0,0,0,0,選択なし/該当施設なし,,選択なし/該当施設なし,,"3,000円以上 5,000円未満",とても満足,群青のせいこ丼美味しい,とても満足,,感じなかった,,9,,,機会があれば行きたい,
100964,JR福井駅・ハピリンモール（1F）,女,1957,66,60代,福井県,越前市,100万円以上 200万円未満,mobile/android,2023-11-14 11:57:11,11月,劔神社 エリア,51.劔神社 エリア,越前町,丹南,一般社団法人 越前町観光連盟,日帰り,福井県内には宿泊しない,福井県内には宿泊しない,自宅,自分ひとり,"地元の美味しいものを食べる
",0,0,1,0,0,0,0,0,0,0,0,0,0,0,0,0,0,0,"自家用車
",1,0,0,0,0,0,0,0,"自家用車
",1,0,0,0,0,0,0,0,0,満足,,"1,000円以上 3,000円未満","1,000円未満","1,000円以上 3,000円未満",2～5回目,"観光パンフレット・ポスター
",0,0,0,1,0,0,0,0,0,0,0,0,0,0,0,選択なし/該当施設なし,,選択なし/該当施設なし,,"1,000円以上 3,000円未満",満足,,満足,,感じなかった,,8,,,機会があれば行きたい,
146908,web,女,1974,49,40代,千葉県,松戸市,800万円以上 900万円未満,mobile/android,2023-11-14 11:53:29,11月,丸岡城 エリア,13.丸岡城 エリア,坂井市,あわら市・坂井市,(一社)DMOさかい観光局,2泊,2泊,三国・あわらエリア（あわら市・坂井市）,福井県外には宿泊しない,夫婦2人,"テーマパーク（遊園地、動物園、博物館など）
",0,0,0,0,0,1,0,0,0,0,0,0,0,0,0,0,0,0,"レンタカー
",0,1,0,0,0,0,0,0,"レンタカー
",0,1,0,0,0,0,0,0,0,とても満足,,"20,000円以上 30,000円未満","5,000円以上 10,000円未満","50,000円以上 100,000円未満",初めて,"観光パンフレット・ポスター
",0,0,0,1,0,0,0,0,0,0,0,0,0,0,0,東尋坊,,一乗谷朝倉氏遺跡,,"1,000円未満",満足,,満足,,感じなかった,,9,,,機会があれば行きたい,
146939,えちぜん鉄道 松岡駅 エリア,男,1967,56,50代,滋賀県,大津市,"900万円以上 1,000万円未満",mobile/iphone,2023-11-14 11:50:11,11月,えちぜん鉄道 松岡駅 エリア,33.えちぜん鉄道 松岡駅 エリア,永平寺町,福井市・永平寺町,,1泊,1泊,三国・あわらエリア（あわら市・坂井市）,福井県外には宿泊しない,夫婦2人,"温泉や露天風呂
地元の美味しいものを食べる
名所、旧跡の観光
",0,1,1,0,1,0,0,0,0,0,0,0,0,0,0,0,0,0,"自家用車
",1,0,0,0,0,0,0,0,"自家用車
",1,0,0,0,0,0,0,0,0,満足,,"50,000円以上 100,000円未満","5,000円以上 10,000円未満","10,000円以上 20,000円未満",初めて,"インターネット・アプリ
",0,0,0,0,0,1,0,0,0,0,0,0,0,0,0,選択なし/該当施設なし,,選択なし/該当施設なし,,"10,000円以上 20,000円未満",どちらでもない,,満足,,感じなかった,,2,,,,
100100,web,女,1997,26,20代,福井県,坂井市,分からない/無回答,mobile/iphone,2023-11-14 11:18:43,11月,あわら湯のまち エリア,17.あわら湯のまち エリア,あわら市,あわら市・坂井市,,日帰り,福井県内には宿泊しない,福井県内には宿泊しない,福井県外には宿泊しない,自分ひとり,"宿でのんびり過ごす
",1,0,0,0,0,0,0,0,0,0,0,0,0,0,0,0,0,0,"自家用車
",1,0,0,0,0,0,0,0,"自家用車
",1,0,0,0,0,0,0,0,0,,,使わない,使わない,使わない,11回目以上,"観光展・物産展
",1,0,0,0,0,0,0,0,0,0,0,0,0,0,0,選択なし/該当施設なし,,選択なし/該当施設なし,,使わない,とても満足,,とても満足,,感じなかった,,10,,,福井県在住,
146938,web,女,1985,38,30代,兵庫県,姫路市,800万円以上 900万円未満,mobile/android,2023-11-14 11:11:57,11月,あわら湯のまち エリア,17.あわら湯のまち エリア,あわら市,あわら市・坂井市,,2泊,1泊,三国・あわらエリア（あわら市・坂井市）,大阪府,親,"温泉や露天風呂
地元の美味しいものを食べる
",0,1,1,0,0,0,0,0,0,0,0,0,0,0,0,0,0,0,"レンタカー
",0,1,0,0,0,0,0,0,"自家用車
",1,0,0,0,0,0,0,0,0,,,"30,000円以上 40,000円未満",使わない,"5,000円以上 10,000円未満",2～5回目,"新聞・雑誌・ガイドブック
インターネット・アプリ
Instagram
宿泊施設
",0,1,0,0,0,1,0,1,0,0,0,0,0,1,0,三方五湖,,東尋坊,,"5,000円以上 10,000円未満",とても満足,,とても満足,,感じなかった,,10,豪華なビュッフェが食べられる旅館が多い,,また行きたい（1年以内）,
121190,web,男,1984,39,30代,福井県,あわら市,500万円以上 600万円未満,mobile/android,2023-11-14 10:57:25,11月,スーベニアショップ ラプトル エリア,25.スーベニアショップ ラプトル エリア,勝山市,勝山市・大野市,勝山市観光まちづくり(株),日帰り,福井県内には宿泊しない,福井県内には宿泊しない,福井県外には宿泊しない,小学生以下連れの家族,"テーマパーク（遊園地、動物園、博物館など）
",0,0,0,0,0,1,0,0,0,0,0,0,0,0,0,0,0,0,"自家用車
",1,0,0,0,0,0,0,0,"自家用車
",1,0,0,0,0,0,0,0,0,とても満足,,"10,000円以上 20,000円未満","5,000円以上 10,000円未満","5,000円以上 10,000円未満",6～10回目,"新聞・雑誌・ガイドブック
",0,1,0,0,0,0,0,0,0,0,0,0,0,0,0,丸岡城,,丸岡城,,"3,000円以上 5,000円未満",とても満足,,とても満足,,感じなかった,,9,,,,
146937,web,男,1984,39,30代,福井県,あわら市,400万円以上 500万円未満,mobile/android,2023-11-14 10:54:38,11月,スーベニアショップ ラプトル エリア,25.スーベニアショップ ラプトル エリア,勝山市,勝山市・大野市,勝山市観光まちづくり(株),日帰り,福井県内には宿泊しない,福井県内には宿泊しない,福井県外には宿泊しない,小学生以下連れの家族,"名所、旧跡の観光
テーマパーク（遊園地、動物園、博物館など）
",0,0,0,0,1,1,0,0,0,0,0,0,0,0,0,0,0,0,"自家用車
",1,0,0,0,0,0,0,0,"自家用車
",1,0,0,0,0,0,0,0,0,とても満足,平日に恐竜博物館さいこーです。,"1,000円以上 3,000円未満","3,000円以上 5,000円未満","1,000円以上 3,000円未満",6～10回目,"観光展・物産展
Instagram
",1,0,0,0,0,0,0,1,0,0,0,0,0,0,0,福井県立恐竜博物館,,選択なし/該当施設なし,,"3,000円以上 5,000円未満",とても満足,,とても満足,,感じなかった,,9,,,,
146936,あわら湯のまち エリア,男,1959,64,60代,東京都,青梅市,"900万円以上 1,000万円未満",mobile/android,2023-11-14 10:48:15,11月,あわら湯のまち エリア,17.あわら湯のまち エリア,あわら市,あわら市・坂井市,,3泊,1泊,三国・あわらエリア（あわら市・坂井市）,石川県金沢市,夫婦2人,"宿でのんびり過ごす
温泉や露天風呂
",1,1,0,0,0,0,0,0,0,0,0,0,0,0,0,0,0,0,"レンタカー
飛行機
",0,1,0,0,1,0,0,0,"レンタカー
",0,1,0,0,0,0,0,0,0,とても満足,,"20,000円以上 30,000円未満","30,000円以上 40,000円未満","5,000円以上 10,000円未満",2～5回目,"インターネット・アプリ
",0,0,0,0,0,1,0,0,0,0,0,0,0,0,0,あわら温泉街,,選択なし/該当施設なし,,"1,000円以上 3,000円未満",とても満足,,満足,,感じなかった,,9,,,また行きたい（1年以内）,
146895,福井駅前 エリア（宿泊施設）,女,1985,38,30代,東京都,江戸川区,分からない/無回答,mobile/iphone,2023-11-14 10:34:59,11月,JR美浜駅 エリア,79.JR美浜駅 エリア,美浜町,嶺南東部,三方五湖DMO(株),2泊,2泊,福井エリア（福井市・永平寺町）,福井県外には宿泊しない,親,"スポーツ観戦や芸能鑑賞（コンサート等）
",0,0,0,0,0,0,0,0,1,0,0,0,0,0,0,0,0,0,"飛行機
",0,0,0,0,1,0,0,0,"レンタカー
",0,1,0,0,0,0,0,0,0,とても満足,,"20,000円以上 30,000円未満","20,000円以上 30,000円未満","30,000円以上 40,000円未満",初めて,"Instagram
",0,0,0,0,0,0,0,1,0,0,0,0,0,0,0,選択なし/該当施設なし,道の駅美浜はまびより,一乗谷朝倉氏遺跡,,"1,000円以上 3,000円未満",満足,もう少し食事処や買い物場所が色々あると思いましたが、コンパクトだったため,満足,,感じなかった,,5,,現地の野菜などを使った料理があまりなかったので、もう少しあるといいなと思った,機会があれば行きたい,福井野菜がもっとあって、それを使ったグルメやお土産があるといいなと思った。
146934,web,女,1988,35,30代,福井県,坂井市,700万円以上 800万円未満,mobile/android,2023-11-14 10:02:34,11月,福井駅前 エリア,01.福井駅前 エリア,福井市,福井市・永平寺町,,日帰り,福井県内には宿泊しない,福井県内には宿泊しない,福井県外には宿泊しない,小学生以下連れの家族,"買い物、アウトレット
",0,0,0,0,0,0,1,0,0,0,0,0,0,0,0,0,0,0,"県外から訪れていない（福井県在住）
",0,0,0,0,0,0,1,0,"自家用車
",1,0,0,0,0,0,0,0,0,,,使わない,"1,000円未満","10,000円以上 20,000円未満",11回目以上,"インターネット・アプリ
",0,0,0,0,0,1,0,0,0,0,0,0,0,0,0,北の庄城址・柴田公園,西武,選択なし/該当施設なし,,"10,000円以上 20,000円未満",満足,西武でおしゃれな手土産が買えたから。,満足,駅がきれいだった。,感じなかった,,7,,,福井県在住,
146908,web,女,1974,49,40代,千葉県,松戸市,800万円以上 900万円未満,mobile/android,2023-11-14 09:05:25,11月,越前松島水族館 エリア,11.越前松島水族館 エリア,坂井市,あわら市・坂井市,(一社)DMOさかい観光局,2泊,2泊,三国・あわらエリア（あわら市・坂井市）,福井県外には宿泊しない,夫婦2人,"テーマパーク（遊園地、動物園、博物館など）
",0,0,0,0,0,1,0,0,0,0,0,0,0,0,0,0,0,0,"レンタカー
",0,1,0,0,0,0,0,0,"レンタカー
",0,1,0,0,0,0,0,0,0,満足,,"20,000円以上 30,000円未満","5,000円以上 10,000円未満","50,000円以上 100,000円未満",初めて,"観光パンフレット・ポスター
",0,0,0,1,0,0,0,0,0,0,0,0,0,0,0,丸岡城,,休暇村越前三国オートキャンプ場,,"10,000円以上 20,000円未満",満足,,満足,,感じなかった,,9,,,機会があれば行きたい,
146932,明通寺 エリア,男,1958,65,60代,兵庫県,三田市,100万円未満,mobile/android,2023-11-14 08:43:51,11月,明通寺 エリア,73.明通寺 エリア,小浜市,嶺南西部,(株)まちづくり小浜,日帰り,福井県内には宿泊しない,福井県内には宿泊しない,福井県外には宿泊しない,夫婦2人,"地元の美味しいものを食べる
名所、旧跡の観光
買い物、アウトレット
",0,0,1,0,1,0,1,0,0,0,0,0,0,0,0,0,0,0,"自家用車
",1,0,0,0,0,0,0,0,"自家用車
",1,0,0,0,0,0,0,0,0,,,使わない,"1,000円以上 3,000円未満","10,000円以上 20,000円未満",初めて,"インターネット・アプリ
",0,0,0,0,0,1,0,0,0,0,0,0,0,0,0,明通寺,,選択なし/該当施設なし,,"1,000円以上 3,000円未満",とても満足,説明が丁寧だった。,とても満足,,感じなかった,,9,一見する価値あり,,また行きたい（1年以内）,
104980,web,女,1966,57,50代,福井県,鯖江市,100万円以上 200万円未満,mobile/android,2023-11-14 05:19:28,11月,熊川宿 エリア,81.熊川宿 エリア,若狭町,嶺南東部,三方五湖DMO(株),日帰り,福井県内には宿泊しない,福井県内には宿泊しない,福井県外には宿泊しない,夫婦2人,"地元の美味しいものを食べる
買い物、アウトレット
ドライブ・ツーリング
",0,0,1,0,0,0,1,0,0,0,0,0,0,0,1,0,0,0,"自家用車
",1,0,0,0,0,0,0,0,"自家用車
",1,0,0,0,0,0,0,0,0,とても満足,綺麗な景色で混んでいなかった,使わない,使わない,"3,000円以上 5,000円未満",2～5回目,"TV・ラジオ番組やCM
インターネット・アプリ
",0,0,1,0,0,1,0,0,0,0,0,0,0,0,0,敦賀赤レンガ倉庫,,今庄宿,,"5,000円以上 10,000円未満",とても満足,町並みがきれい。新鮮野菜を買った,とても満足,,感じなかった,,10,,,福井県在住,
146253,web,女,1985,38,30代,島根県,松江市,700万円以上 800万円未満,mobile/iphone,2023-11-14 04:00:52,11月,越前松島水族館 エリア,11.越前松島水族館 エリア,坂井市,あわら市・坂井市,(一社)DMOさかい観光局,2泊,2泊,三国・あわらエリア（あわら市・坂井市）,福井県外には宿泊しない,夫婦2人,"テーマパーク（遊園地、動物園、博物館など）
",0,0,0,0,0,1,0,0,0,0,0,0,0,0,0,0,0,0,"自家用車
",1,0,0,0,0,0,0,0,"自家用車
",1,0,0,0,0,0,0,0,0,とても満足,,"20,000円以上 30,000円未満","10,000円以上 20,000円未満","10,000円以上 20,000円未満",初めて,"新聞・雑誌・ガイドブック
",0,1,0,0,0,0,0,0,0,0,0,0,0,0,0,選択なし/該当施設なし,サービスエリア北鯖江,東尋坊,,"5,000円以上 10,000円未満",とても満足,体験型水族館と東尋坊のタワーと周辺の店でイカが美味しかった,とても満足,でもめちゃくちゃ寂れたやる気のない東尋坊周辺のお店が気になった。なんかテコ入れした方がいいと思う。店の商品は良くても見せ方がイマイチだった。せっかく興味あってもなんか近寄りがたい,感じた,東尋坊で駐車場どこに停めるべきか迷った。,9,ウミガメの餌やり,観光案内所みたいなのがもう少し欲しかったかな,機会があれば行きたい,温泉のアピールが少し下手？かも。
146931,うるしの里 エリア,女,1985,38,30代,東京都,渋谷区,400万円以上 500万円未満,mobile/iphone,2023-11-14 00:22:26,11月,うるしの里 エリア,46.うるしの里 エリア,鯖江市,丹南,,4泊以上,4泊以上,越前エリア（越前市・越前町・鯖江市・池田町・南越前町）,福井県外には宿泊しない,友人,"温泉や露天風呂
地元の美味しいものを食べる
名所、旧跡の観光
スポーツ観戦や芸能鑑賞（コンサート等）
友人・親戚を尋ねる
",0,1,1,0,1,0,0,0,1,0,0,0,0,0,0,1,0,0,"新幹線
在来線
",0,0,1,1,0,0,0,0,"タクシー
",0,0,1,0,0,0,0,0,0,とても満足,定額タクシーがありがたかった,"5,000円以上 10,000円未満","20,000円以上 30,000円未満","20,000円以上 30,000円未満",初めて,"友人・知人
観光協会等の案内所
",0,0,0,0,0,0,0,0,0,0,1,1,0,0,0,大本山永平寺,,選択なし/該当施設なし,,"1,000円以上 3,000円未満",満足,,満足,,感じなかった,,7,,,また行きたい（1年以内）,
