会員ID,登録エリア,性別,生まれ年,回答時の年齢,年代,都道府県,会員市町村,世帯年収,UA,回答日時,回答月,回答エリア,回答エリア2,市町村,6分類,DMO,宿泊数（全体）,宿泊数（県内）,宿泊エリア（県内）,宿泊エリア（県外）,同行者,訪問目的ALL,宿でのんびり過ごす,温泉や露天風呂,地元の美味しいものを食べる,花見や紅葉などの自然鑑賞,名所、旧跡の観光,テーマパーク（遊園地、動物園、博物館など）,買い物、アウトレット,お祭りやイベントへの参加・見物,スポーツ観戦や芸能鑑賞（コンサート等）,アウトドア（海水浴、釣り、登山など）,まちあるき、都市散策,各種体験（手作り、果物狩りなど）,スキー・スノボ、マリンスポーツ,その他スポーツ（ゴルフ、テニスなど）,ドライブ・ツーリング,友人・親戚を尋ねる,出張など仕事関係,その他,福井県までの交通手段ALL,自家用車,レンタカー,新幹線,在来線,飛行機,旅行会社ツアーバス,県外から訪れていない（福井県在住）,福井県内での交通手段ALL,タクシー,路線バス,徒歩,レンタサイクル,福井県内での交通手段の満足度,福井県内での交通手段の満足度の理由,宿泊費,交通費,県内消費額,エリア訪問回数,情報収集ALL,観光展・物産展,新聞・雑誌・ガイドブック,TV・ラジオ番組やCM,観光パンフレット・ポスター,観光連盟やDMOのHP,インターネット・アプリ,Twitter,Instagram,Facebook,ブログ,友人・知人,観光協会等の案内所,タクシードライバーや地元の人,宿泊施設,アンケート回答前に訪問した主な場所,アンケート回答前に訪問した主な場所FA,アンケート回答後に訪問する予定の主な場所,エリア総消費額,満足度(商品・サービス),満足度(商品・サービス)の理由,満足度,満足度の理由,不便さ,不便さの内容,NPS,推奨項目,施設に求めるもの,今後の来訪意向,福井県に求めるもの
149707,越前海岸 越前岬 エリア,女,1964,60,60代,愛知県,名古屋市名東区,300万円以上 400万円未満,mobile/iphone,2024-01-20 21:01:18,1月,越前海岸 越前岬 エリア,53.越前海岸 越前岬 エリア,越前町,丹南,一般社団法人 越前町観光連盟,日帰り,福井県内には宿泊しない,福井県内には宿泊しない,福井県外には宿泊しない,団体旅行,"買い物、アウトレット
",0,0,0,0,0,0,1,0,0,0,0,0,0,0,0,0,0,ツアーコース,"旅行会社ツアーバス
",0,0,0,0,0,1,0,"旅行会社ツアーバス
",0,0,0,0,,,"3,000円以上 5,000円未満","5,000円以上 10,000円未満","3,000円以上 5,000円未満",初めて,"その他
",0,0,0,0,0,0,0,0,0,0,0,0,0,0,氣比神宮,,選択なし/該当施設なし,"3,000円以上 5,000円未満",どちらでもない,,どちらでもない,,感じなかった,,6,,,機会があれば行きたい,
149705,一乗谷朝倉氏遺跡 エリア,男,1968,56,50代,石川県,小松市,500万円以上 600万円未満,mobile/iphone,2024-01-20 19:41:14,1月,一乗谷朝倉氏遺跡 エリア,06.一乗谷朝倉氏遺跡 エリア,福井市,福井市・永平寺町,,1泊,1泊,福井エリア（福井市・永平寺町）,福井県外には宿泊しない,夫婦2人,"温泉や露天風呂
地元の美味しいものを食べる
",0,1,1,0,0,0,0,0,0,0,0,0,0,0,0,0,0,0,"自家用車
",1,0,0,0,0,0,0,"自家用車
",0,0,0,0,,,"20,000円以上 30,000円未満","5,000円以上 10,000円未満","3,000円以上 5,000円未満",2～5回目,"新聞・雑誌・ガイドブック
",0,1,0,0,0,0,0,0,0,0,0,0,0,0,選択なし/該当施設なし,,選択なし/該当施設なし,"1,000円以上 3,000円未満",満足,,どちらでもない,,感じなかった,,3,,,,
149701,あわら湯のまち エリア,男,1972,52,50代,大阪府,大阪市北区,"900万円以上 1,000万円未満",mobile/iphone,2024-01-20 18:20:52,1月,あわら湯のまち エリア,17.あわら湯のまち エリア,あわら市,あわら市・坂井市,,1泊,1泊,三国・あわらエリア（あわら市・坂井市）,福井県外には宿泊しない,職場の同僚,"名所、旧跡の観光
",0,0,0,0,1,0,0,0,0,0,0,0,0,0,0,0,0,0,"レンタカー
",0,1,0,0,0,0,0,"レンタカー
",0,0,0,0,満足,,"20,000円以上 30,000円未満","30,000円以上 40,000円未満","5,000円以上 10,000円未満",初めて,"インターネット・アプリ
",0,0,0,0,0,1,0,0,0,0,0,0,0,0,大本山永平寺,,選択なし/該当施設なし,"20,000円以上 30,000円未満",満足,,満足,,感じなかった,,8,,,機会があれば行きたい,
149702,web,男,1985,39,30代,滋賀県,彦根市,600万円以上 700万円未満,mobile/iphone,2024-01-20 18:20:43,1月,うるしの里 エリア,46.うるしの里 エリア,鯖江市,丹南,,1泊,1泊,三国・あわらエリア（あわら市・坂井市）,福井県外には宿泊しない,恋人,"宿でのんびり過ごす
温泉や露天風呂
地元の美味しいものを食べる
",1,1,1,0,0,0,0,0,0,0,0,0,0,0,0,0,0,0,"自家用車
",1,0,0,0,0,0,0,"自家用車
",0,0,0,0,どちらでもない,,"20,000円以上 30,000円未満","3,000円以上 5,000円未満","10,000円以上 20,000円未満",2～5回目,"観光パンフレット・ポスター
インターネット・アプリ
観光協会等の案内所
",0,0,0,1,0,1,0,0,0,0,0,1,0,0,選択なし/該当施設なし,,一乗谷朝倉氏遺跡,"5,000円以上 10,000円未満",満足,漆塗の工芸品がやはり素晴らしい。,満足,,感じなかった,,7,,,機会があれば行きたい,
149747,JR敦賀駅前 エリア,男,1985,39,30代,神奈川県,川崎市宮前区,"1,000万円以上 1,200万円未満",mobile/android,2024-01-21 23:29:23,1月,JR敦賀駅前 エリア,63.JR敦賀駅前 エリア,敦賀市,嶺南東部,,2泊,2泊,嶺南エリア（敦賀市・美浜町・若狭町・小浜市・おおい町・高浜町）,福井県外には宿泊しない,自分ひとり,"出張など仕事関係
",0,0,0,0,0,0,0,0,0,0,0,0,0,0,0,0,1,0,"新幹線
在来線
",0,0,1,0,0,0,0,"タクシー
",1,0,0,0,満足,,"10,000円以上 20,000円未満","20,000円以上 30,000円未満","10,000円以上 20,000円未満",6～10回目,"観光パンフレット・ポスター
",0,0,0,1,0,0,0,0,0,0,0,0,0,0,選択なし/該当施設なし,,選択なし/該当施設なし,"3,000円以上 5,000円未満",満足,,とても満足,,感じなかった,,8,,,機会があれば行きたい,
149745,明通寺 エリア,女,1969,55,50代,福井県,福井市,300万円以上 400万円未満,mobile/iphone,2024-01-21 22:48:46,1月,明通寺 エリア,73.明通寺 エリア,小浜市,嶺南西部,(株)まちづくり小浜,日帰り,福井県内には宿泊しない,福井県内には宿泊しない,福井県外には宿泊しない,友人,"地元の美味しいものを食べる
",0,0,1,0,0,0,0,0,0,0,0,0,0,0,0,0,0,0,"自家用車
",1,0,0,0,0,0,0,"自家用車
",0,0,0,0,,,使わない,"3,000円以上 5,000円未満","20,000円以上 30,000円未満",2～5回目,"インターネット・アプリ
",0,0,0,0,0,1,0,0,0,0,0,0,0,0,若狭瓜割名水公園 瓜割の滝,,若狭たかはま エルどらんど,"1,000円以上 3,000円未満",満足,お寺で説明があり、よく理解できました。,満足,,感じなかった,,7,,,福井県在住,
149746,北陸新幹線 越前たけふ駅 エリア,女,1971,53,50代,愛知県,愛西市,分からない/無回答,mobile/android,2024-01-21 22:42:12,1月,北陸新幹線 越前たけふ駅 エリア,38.北陸新幹線 越前たけふ駅 エリア,越前市,丹南,,1泊,1泊,福井エリア（福井市・永平寺町）,福井県外には宿泊しない,夫婦2人,"地元の美味しいものを食べる
友人・親戚を尋ねる
",0,0,1,0,0,0,0,0,0,0,0,0,0,0,0,1,0,0,"自家用車
",1,0,0,0,0,0,0,"自家用車
",0,0,0,0,とても満足,,"5,000円以上 10,000円未満","5,000円以上 10,000円未満","10,000円以上 20,000円未満",11回目以上,"Instagram
",0,0,0,0,0,0,0,1,0,0,0,0,0,0,岡太神社・大瀧神社,,岡太神社・大瀧神社,"3,000円以上 5,000円未満",とても満足,,とても満足,,感じなかった,,10,,,また行きたい（1年以内）,
149740,web,男,1960,64,60代,大阪府,高槻市,800万円以上 900万円未満,mobile/iphone,2024-01-21 20:21:03,1月,道の駅「三方五湖」  エリア,83.道の駅「三方五湖」 エリア,若狭町,嶺南東部,三方五湖DMO(株),1泊,1泊,嶺南エリア（敦賀市・美浜町・若狭町・小浜市・おおい町・高浜町）,福井県外には宿泊しない,その他家族,"地元の美味しいものを食べる
",0,0,1,0,0,0,0,0,0,0,0,0,0,0,0,0,0,何回も来ているので迷わず寄った,"自家用車
",1,0,0,0,0,0,0,"自家用車
",0,0,0,0,,,"10,000円以上 20,000円未満","1,000円以上 3,000円未満","10,000円以上 20,000円未満",2～5回目,"その他
",0,0,0,0,0,0,0,0,0,0,0,0,0,0,道の駅「若狭熊川宿」,,選択なし/該当施設なし,"1,000円以上 3,000円未満",満足,海産物、特に冬季における商品が増えれば大満足,満足,きれい、商品の案内が丁寧に書いてある,感じなかった,,10,若狭フグが美味しい、値段もとてもリーズナブル,年間を通じて海産物のお土産を充実してほしい,また行きたい（1年以内）,若狭方面は年間、宿泊で5回くらい。日帰りの釣りで年間10以上行く。食べ物が美味しく、海の透明度が抜群、そして混雑度が低いので大好きです
149742,越前海岸 越前岬 エリア,男,1960,64,60代,愛知県,尾張旭市,300万円以上 400万円未満,mobile/iphone,2024-01-21 19:58:45,1月,越前海岸 越前岬 エリア,53.越前海岸 越前岬 エリア,越前町,丹南,一般社団法人 越前町観光連盟,日帰り,福井県内には宿泊しない,福井県内には宿泊しない,福井県外には宿泊しない,夫婦2人,"地元の美味しいものを食べる
名所、旧跡の観光
",0,0,1,0,1,0,0,0,0,0,0,0,0,0,0,0,0,0,"旅行会社ツアーバス
",0,0,0,0,0,1,0,"旅行会社ツアーバス
",0,0,0,0,とても満足,普段はマイカーで来るけど、運転しなくて済むので、楽だった。,使わない,"1,000円未満","1,000円以上 3,000円未満",11回目以上,"観光パンフレット・ポスター
",0,0,0,1,0,0,0,0,0,0,0,0,0,0,氣比神宮,,選択なし/該当施設なし,"3,000円以上 5,000円未満",満足,水仙観光は無料だってありがたかった。お土産売り場が近くになかったのが、残念でした。,満足,綺麗で、望遠鏡も無料で貸し出してくれたから。,感じなかった,,10,海は綺麗だし、魚や蟹が美味しいから。,越前ミュージアムに時々行くけど、もう少し敦賀に近い場所に安くて美味しい食べる所があると有難い。,また行きたい（1年以内）,昔に比べてかなり、ドライブインや観光地か、減ったので、また復活したら有難い。また道の駅などもあると良いと思う。
149743,福井駅前 エリア（宿泊施設）,男,1971,53,50代,東京都,大田区,分からない/無回答,mobile/android,2024-01-21 19:42:40,1月,福井駅前 エリア（宿泊施設）,02.福井駅前 エリア（宿泊施設）,福井市,福井市・永平寺町,,4泊以上,4泊以上,福井エリア（福井市・永平寺町）,福井県外には宿泊しない,自分ひとり,"出張など仕事関係
",0,0,0,0,0,0,0,0,0,0,0,0,0,0,0,0,1,0,"新幹線
在来線
",0,1,1,0,0,0,0,"レンタカー
",0,0,0,0,とても満足,,"5,000円以上 10,000円未満","10,000円以上 20,000円未満","20,000円以上 30,000円未満",初めて,"インターネット・アプリ
",0,0,0,0,0,1,0,0,0,0,0,0,0,0,選択なし/該当施設なし,,選択なし/該当施設なし,"5,000円以上 10,000円未満",とても満足,,とても満足,,感じなかった,,8,,,機会があれば行きたい,
149738,越前海岸 くりや旅館街 エリア,女,1991,33,30代,神奈川県,横浜市金沢区,"1,500万円以上",mobile/iphone,2024-01-21 17:09:47,1月,越前海岸 くりや旅館街 エリア,57.越前海岸 くりや旅館街 エリア,越前町,丹南,一般社団法人 越前町観光連盟,1泊,1泊,越前エリア（越前市・越前町・鯖江市・池田町・南越前町）,福井県外には宿泊しない,夫婦2人,"宿でのんびり過ごす
温泉や露天風呂
地元の美味しいものを食べる
",1,1,1,0,0,0,0,0,0,0,0,0,0,0,0,0,0,Google map,"飛行機
",0,1,0,0,1,0,0,"レンタカー
",0,0,0,0,とても満足,行動の自由が効くから,"100,000円以上","5,000円以上 10,000円未満","5,000円以上 10,000円未満",2～5回目,"新聞・雑誌・ガイドブック
インターネット・アプリ
その他
",0,1,0,0,0,1,0,0,0,0,0,0,0,0,越前がにミュージアム,,大本山永平寺,"3,000円以上 5,000円未満",とても満足,温泉も気持ちよく、ご飯も美味しかったため,とても満足,とても綺麗に宿が保たれていたため,感じなかった,,8,宿とご飯が良かったため,,機会があれば行きたい,
149736,北陸新幹線 越前たけふ駅 エリア,女,1968,56,50代,福井県,福井市,分からない/無回答,mobile/iphone,2024-01-21 15:25:03,1月,北陸新幹線 越前たけふ駅 エリア,38.北陸新幹線 越前たけふ駅 エリア,越前市,丹南,,日帰り,福井県内には宿泊しない,福井県内には宿泊しない,福井県外には宿泊しない,中学生以上連れの家族,"地元の美味しいものを食べる
",0,0,1,0,0,0,0,0,0,0,0,0,0,0,0,0,0,0,"自家用車
",1,0,0,0,0,0,0,"自家用車
",0,0,0,0,,,使わない,"1,000円未満","1,000円以上 3,000円未満",初めて,"インターネット・アプリ
",0,0,0,0,0,1,0,0,0,0,0,0,0,0,選択なし/該当施設なし,,選択なし/該当施設なし,使わない,とても満足,,とても満足,,感じなかった,,10,,,,
149735,北陸新幹線 越前たけふ駅 エリア,無回答,1968,56,50代,福井県,福井市,分からない/無回答,mobile/iphone,2024-01-21 15:23:53,1月,北陸新幹線 越前たけふ駅 エリア,38.北陸新幹線 越前たけふ駅 エリア,越前市,丹南,,日帰り,福井県内には宿泊しない,福井県内には宿泊しない,福井県外には宿泊しない,中学生以上連れの家族,"地元の美味しいものを食べる
",0,0,1,0,0,0,0,0,0,0,0,0,0,0,0,0,0,0,"自家用車
",1,0,0,0,0,0,0,"自家用車
",0,0,0,0,,,使わない,使わない,使わない,初めて,"観光展・物産展
",1,0,0,0,0,0,0,0,0,0,0,0,0,0,選択なし/該当施設なし,,選択なし/該当施設なし,使わない,とても満足,,とても満足,,感じなかった,,10,,,,
149733,あわら湯のまち エリア,男,1951,73,70代,京都府,京都市伏見区,300万円以上 400万円未満,tablet/android,2024-01-21 14:54:38,1月,あわら湯のまち エリア,17.あわら湯のまち エリア,あわら市,あわら市・坂井市,,2泊,1泊,三国・あわらエリア（あわら市・坂井市）,石川県加賀市,夫婦2人,"宿でのんびり過ごす
温泉や露天風呂
",1,1,0,0,0,0,0,0,0,0,0,0,0,0,0,0,0,0,"在来線
",0,0,0,1,0,0,0,"在来線
",0,0,0,0,満足,京都からあわら温泉まで2時間弱で来れます。,"20,000円以上 30,000円未満","5,000円以上 10,000円未満","1,000円以上 3,000円未満",2～5回目,"インターネット・アプリ
",0,0,0,0,0,1,0,0,0,0,0,0,0,0,選択なし/該当施設なし,加賀温泉,選択なし/該当施設なし,"20,000円以上 30,000円未満",満足,,満足,,感じた,宿泊宿から土産物エリアまでが少し遠い,7,,,機会があれば行きたい,
149732,web,女,1989,35,30代,福井県,福井市,300万円以上 400万円未満,mobile/iphone,2024-01-21 14:42:42,1月,越前海岸 北部 エリア,07.越前海岸 北部 エリア,福井市,福井市・永平寺町,,日帰り,4泊以上,越前エリア（越前市・越前町・鯖江市・池田町・南越前町）,石川県加賀市,小学生以下連れの家族,"温泉や露天風呂
地元の美味しいものを食べる
お祭りやイベントへの参加・見物
",0,1,1,0,0,0,0,1,0,0,0,0,0,0,0,0,0,0,"自家用車
",1,0,0,0,0,0,0,"自家用車
",0,0,0,0,とても満足,どこにでも寄れるから。,"10,000円以上 20,000円未満","3,000円以上 5,000円未満","20,000円以上 30,000円未満",6～10回目,"観光展・物産展
",1,0,0,0,0,0,0,0,0,0,0,0,0,0,福井県立恐竜博物館,,丸岡城,"5,000円以上 10,000円未満",とても満足,,とても満足,,感じなかった,,10,,,また行きたい（1年以内）,"福井県の美味しいものより集めの飲食店が欲しいです。
子供が遊ぶところがもっと欲しい。"
149729,はたや記念館 ゆめおーれ勝山 エリア,女,1967,57,50代,大阪府,大阪市鶴見区,200万円以上 300万円未満,mobile/android,2024-01-21 14:21:48,1月,はたや記念館 ゆめおーれ勝山 エリア,30.はたや記念館 ゆめおーれ勝山 エリア,勝山市,勝山市・大野市,勝山市観光まちづくり(株),1泊,1泊,奥越前エリア（勝山市・大野市）,福井県外には宿泊しない,恋人,"温泉や露天風呂
地元の美味しいものを食べる
テーマパーク（遊園地、動物園、博物館など）
スキー・スノボ、マリンスポーツ
",0,1,1,0,0,1,0,0,0,0,0,0,1,0,0,0,0,0,"自家用車
",1,0,0,0,0,0,0,"自家用車
",0,0,0,0,,,"5,000円以上 10,000円未満","5,000円以上 10,000円未満","10,000円以上 20,000円未満",2～5回目,"観光パンフレット・ポスター
観光連盟やDMOのHP
",0,0,0,1,1,0,0,0,0,0,0,0,0,0,福井県立恐竜博物館,,選択なし/該当施設なし,"3,000円以上 5,000円未満",とても満足,ゆめおーれでは職員の方が丁寧に織り機の説明をして下さいました。興味深かったです。,とても満足,２度目の恐竜博物館もとても楽しく、ゆめおーれでは古くてステキな建物と織り機を見ることができてとてもよかったです。白山平泉寺も雨のせいか人がおらず、静謐でよかった。,感じなかった,,10,１日目はスキージャム勝山でスキーをしたのですがいろんなコースがあって楽しめた。恐竜博物館も楽しくて好きなので友人知人に薦めたい。今回は行けませんでしたが数年前に訪れた一乗谷も歴史を感じれて好きです。一乗谷も含めて薦めます。,宿が素泊まりだったので、新鮮館というスーパーでいろいろと買って食べましたが、お惣菜の種類が多くて、どれも美味しかった。ランチに入ったお蕎麦屋さんも美味しくてよかったです。,また行きたい（1年以内）,また今シーズン中にスキージャム勝山に滑りに行きたいです。それとは別にふぐも食べたいので温泉付の宿を探したいです。おすすめの温泉やリーズナブルな宿などホームページに載せてもらえると嬉しいです。
149730,敦賀市立博物館 エリア,男,1996,28,20代,愛知県,名古屋市名東区,500万円以上 600万円未満,mobile/iphone,2024-01-21 14:15:44,1月,敦賀市立博物館 エリア,65.敦賀市立博物館 エリア,敦賀市,嶺南東部,,1泊,1泊,嶺南エリア（敦賀市・美浜町・若狭町・小浜市・おおい町・高浜町）,福井県外には宿泊しない,恋人,"地元の美味しいものを食べる
",0,0,1,0,0,0,0,0,0,0,0,0,0,0,0,0,0,0,"在来線
",0,0,0,1,0,0,0,"在来線
",0,0,0,0,,,"30,000円以上 40,000円未満","5,000円以上 10,000円未満","5,000円以上 10,000円未満",2～5回目,"インターネット・アプリ
",0,0,0,0,0,1,0,0,0,0,0,0,0,0,氣比神宮,,敦賀赤レンガ倉庫,"5,000円以上 10,000円未満",満足,日本の近代化に深く関係した敦賀の歴史について勉強になった。,満足,(敦賀市立博物館)建物に当時の様子をしのぶことがてきる,感じなかった,,9,越前ガニを堪能できた。,若狭エリアを代表する都市なので、若狭名産のさばに関する博物館が欲しい。,また行きたい（1年以内）,交通の便がもうすこし良いと嬉しい。三方にも行ったが、30分間隔くらいで来ると便利。
149728,花の駅 ゆりの里公園 エリア,男,1970,54,50代,福井県,坂井市,500万円以上 600万円未満,mobile/android,2024-01-21 13:49:31,1月,花の駅 ゆりの里公園 エリア,14.花の駅 ゆりの里公園 エリア,坂井市,あわら市・坂井市,(一社)DMOさかい観光局,日帰り,福井県内には宿泊しない,福井県内には宿泊しない,福井県外には宿泊しない,小学生以下連れの家族,"まちあるき、都市散策
",0,0,0,0,0,0,0,0,0,0,1,0,0,0,0,0,0,0,"県外から訪れていない（福井県在住）
",1,0,0,0,0,0,1,"自家用車
",0,0,0,0,満足,動きやすい,"10,000円以上 20,000円未満","5,000円以上 10,000円未満","3,000円以上 5,000円未満",6～10回目,"観光展・物産展
",1,0,0,0,0,0,0,0,0,0,0,0,0,0,福井県立恐竜博物館,,選択なし/該当施設なし,"1,000円以上 3,000円未満",満足,,満足,,感じなかった,,5,,,,
149727,金ヶ崎 エリア,男,1989,35,30代,大阪府,大阪市旭区,500万円以上 600万円未満,mobile/iphone,2024-01-21 13:17:26,1月,金ヶ崎 エリア,64.金ヶ崎 エリア,敦賀市,嶺南東部,,1泊,1泊,嶺南エリア（敦賀市・美浜町・若狭町・小浜市・おおい町・高浜町）,福井県外には宿泊しない,自分ひとり,"宿でのんびり過ごす
",1,0,0,0,0,0,0,0,0,0,0,0,0,0,0,0,0,0,"在来線
",0,0,0,1,0,0,0,"在来線
",0,0,0,0,どちらでもない,"あまり電車がないので
便利とは言えない","10,000円以上 20,000円未満","5,000円以上 10,000円未満","10,000円以上 20,000円未満",2～5回目,"インターネット・アプリ
",0,0,0,0,0,1,0,0,0,0,0,0,0,0,敦賀鉄道資料館（旧敦賀港駅舎 ）,,選択なし/該当施設なし,"5,000円以上 10,000円未満",どちらでもない,"観光施設へのアクセスが弱いのでいまいち

もう少し近いところまで来るバスが欲しい",満足,"鉄道記念館は色々見られてよかった
1Fのビデオは長すぎるのでもう少し小分けにできる方が良いかなと感じる",感じた,バスが遠い（気比神社から歩いた為）,4,,コスパよく海鮮を楽しみたい,どちらともいえない,やはり魚が気になる
149726,web,男,1981,43,40代,石川県,金沢市,"1,500万円以上",mobile/iphone,2024-01-21 13:12:56,1月,花の駅 ゆりの里公園 エリア,14.花の駅 ゆりの里公園 エリア,坂井市,あわら市・坂井市,(一社)DMOさかい観光局,日帰り,福井県内には宿泊しない,福井県内には宿泊しない,福井県外には宿泊しない,小学生以下連れの家族,"地元の美味しいものを食べる
",0,0,1,0,0,0,0,0,0,0,0,0,0,0,0,0,0,0,"自家用車
",1,0,0,0,0,0,0,"自家用車
",0,0,0,0,,,使わない,"5,000円以上 10,000円未満","5,000円以上 10,000円未満",2～5回目,"インターネット・アプリ
",0,0,0,0,0,1,0,0,0,0,0,0,0,0,選択なし/該当施設なし,,選択なし/該当施設なし,"5,000円以上 10,000円未満",とても満足,,満足,,感じなかった,,5,,,,
149725,越前そばの里 エリア,男,1970,54,50代,福井県,坂井市,500万円以上 600万円未満,mobile/iphone,2024-01-21 13:07:23,1月,越前そばの里 エリア,37.越前そばの里 エリア,越前市,丹南,,日帰り,福井県内には宿泊しない,福井県内には宿泊しない,福井県外には宿泊しない,夫婦2人,"地元の美味しいものを食べる
",0,0,1,0,0,0,0,0,0,0,0,0,0,0,0,0,0,0,"自家用車
",1,0,0,0,0,0,0,"自家用車
",0,0,0,0,どちらでもない,,"3,000円以上 5,000円未満",使わない,"1,000円以上 3,000円未満",11回目以上,"TV・ラジオ番組やCM
",0,0,1,0,0,0,0,0,0,0,0,0,0,0,選択なし/該当施設なし,はなみずき温泉,越前陶芸村,"1,000円以上 3,000円未満",満足,,満足,,感じなかった,,9,,,また行きたい（1年以内）,
149720,一乗谷朝倉氏遺跡 エリア,男,1953,71,70代,富山県,富山市,300万円以上 400万円未満,mobile/iphone,2024-01-21 12:08:52,1月,一乗谷朝倉氏遺跡 エリア,06.一乗谷朝倉氏遺跡 エリア,福井市,福井市・永平寺町,,1泊,1泊,福井エリア（福井市・永平寺町）,福井県外には宿泊しない,夫婦2人,"地元の美味しいものを食べる
名所、旧跡の観光
まちあるき、都市散策
ドライブ・ツーリング
",0,0,1,0,1,0,0,0,0,0,1,0,0,0,1,0,0,0,"自家用車
",1,0,0,0,0,0,0,"自家用車
",0,0,0,0,,,"10,000円以上 20,000円未満","5,000円以上 10,000円未満","5,000円以上 10,000円未満",初めて,"新聞・雑誌・ガイドブック
",0,1,0,0,0,0,0,0,0,0,0,0,0,0,選択なし/該当施設なし,,丸岡城,"1,000円以上 3,000円未満",とても満足,朝倉氏の歴史を再認識した。,とても満足,大掛かりで新しくいろいろと考えられている。,感じなかった,,10,福井再発見。お土産や地元グルメなど楽しかった。,飲食では、福井グルメを望みます。,また行きたい（1年以内）,桜の季節にまた来たいです。
149721,一乗谷朝倉氏遺跡 エリア,女,1956,68,60代,富山県,富山市,300万円以上 400万円未満,mobile/iphone,2024-01-21 12:01:49,1月,一乗谷朝倉氏遺跡 エリア,06.一乗谷朝倉氏遺跡 エリア,福井市,福井市・永平寺町,,1泊,1泊,福井エリア（福井市・永平寺町）,福井県外には宿泊しない,夫婦2人,"宿でのんびり過ごす
地元の美味しいものを食べる
",1,0,1,0,0,0,0,0,0,0,0,0,0,0,0,0,0,0,"自家用車
",1,0,0,0,0,0,0,"自家用車
",0,0,0,0,,,"20,000円以上 30,000円未満","5,000円以上 10,000円未満","10,000円以上 20,000円未満",初めて,"観光パンフレット・ポスター
",0,0,0,1,0,0,0,0,0,0,0,0,0,0,選択なし/該当施設なし,,選択なし/該当施設なし,"1,000円以上 3,000円未満",とても満足,映像で詳しく説明があった,満足,,感じなかった,,5,サクラの季節にゆっくり訪れてみたい,カフェ　休憩できる場所があれば良い,機会があれば行きたい,
149717,スキージャム勝山 エリア,女,1976,48,40代,京都府,京都市北区,500万円以上 600万円未満,mobile/iphone,2024-01-21 11:31:03,1月,スキージャム勝山 エリア,27.スキージャム勝山 エリア,勝山市,勝山市・大野市,勝山市観光まちづくり(株),3泊,2泊,奥越前エリア（勝山市・大野市）,岐阜,夫婦2人,"スキー・スノボ、マリンスポーツ
",0,0,0,0,0,0,0,0,0,0,0,0,1,0,0,0,0,0,"自家用車
",1,0,0,0,0,0,0,"自家用車
",0,0,0,0,,"最終日は、天気が悪かったので、大仏や白山神社や恐竜博物館など訪問して、充実でした！
またスキー以外でも遊びに来たいです！
普段は敦賀くらいまでは、瓜破の滝や、そばや海鮮食べにくるのですが、観光しに福井全域攻めたいな！と思いました！","5,000円以上 10,000円未満","3,000円以上 5,000円未満","10,000円以上 20,000円未満",11回目以上,"友人・知人
",0,0,0,0,0,0,0,0,0,0,1,0,0,0,福井和泉スキー場,,越前大仏,"3,000円以上 5,000円未満",とても満足,,とても満足,,感じなかった,,10,,,また行きたい（1年以内）,
149703,web,女,1968,56,50代,石川県,小松市,700万円以上 800万円未満,mobile/iphone,2024-01-21 09:00:03,1月,一乗谷朝倉氏遺跡 エリア,06.一乗谷朝倉氏遺跡 エリア,福井市,福井市・永平寺町,,1泊,1泊,福井エリア（福井市・永平寺町）,福井県外には宿泊しない,夫婦2人,"宿でのんびり過ごす
温泉や露天風呂
地元の美味しいものを食べる
",1,1,1,0,0,0,0,0,0,0,0,0,0,0,0,0,0,0,"自家用車
",1,0,0,0,0,0,0,"自家用車
",0,0,0,0,,,"5,000円以上 10,000円未満","1,000円以上 3,000円未満","10,000円以上 20,000円未満",2～5回目,"インターネット・アプリ
宿泊施設
",0,0,0,0,0,1,0,0,0,0,0,0,0,1,丸岡城,,越前大野城,"5,000円以上 10,000円未満",満足,,満足,,感じなかった,,8,,,機会があれば行きたい,
149715,越前海岸 北部 エリア,女,1977,47,40代,愛知県,豊田市,"900万円以上 1,000万円未満",mobile/iphone,2024-01-21 08:49:05,1月,越前海岸 北部 エリア,07.越前海岸 北部 エリア,福井市,福井市・永平寺町,,1泊,1泊,福井エリア（福井市・永平寺町）,福井県外には宿泊しない,夫婦2人,"温泉や露天風呂
地元の美味しいものを食べる
スキー・スノボ、マリンスポーツ
",0,1,1,0,0,0,0,0,0,0,0,0,1,0,0,0,0,0,"自家用車
",1,0,0,0,0,0,0,"自家用車
",0,0,0,0,,,"10,000円以上 20,000円未満","5,000円以上 10,000円未満","10,000円以上 20,000円未満",初めて,"インターネット・アプリ
",0,0,0,0,0,1,0,0,0,0,0,0,0,0,福井和泉スキー場,,九頭竜スキー場,"30,000円以上 40,000円未満",満足,,満足,"カニが美味しかった。
温泉も良かった。",感じなかった,,7,,,機会があれば行きたい,
149711,web,女,1965,59,50代,愛知県,豊田市,700万円以上 800万円未満,mobile/android,2024-01-21 07:28:03,1月,越前海岸 越前岬 エリア,53.越前海岸 越前岬 エリア,越前町,丹南,一般社団法人 越前町観光連盟,日帰り,福井県内には宿泊しない,福井県内には宿泊しない,福井県外には宿泊しない,自分ひとり,"地元の美味しいものを食べる
",0,0,1,0,0,0,0,0,0,0,0,0,0,0,0,0,0,0,"旅行会社ツアーバス
",0,0,0,0,0,1,0,"旅行会社ツアーバス
",0,0,0,0,満足,,"3,000円以上 5,000円未満",使わない,"3,000円以上 5,000円未満",初めて,"インターネット・アプリ
",0,0,0,0,0,1,0,0,0,0,0,0,0,0,氣比神宮,,氣比神宮,"3,000円以上 5,000円未満",満足,,満足,,感じた,,7,,,また行きたい（1年以内）,
149710,web,男,1972,52,50代,大阪府,大阪市北区,600万円以上 700万円未満,mobile/iphone,2024-01-21 07:24:53,1月,あわら湯のまち エリア,17.あわら湯のまち エリア,あわら市,あわら市・坂井市,,1泊,1泊,三国・あわらエリア（あわら市・坂井市）,福井県外には宿泊しない,職場の同僚,"温泉や露天風呂
地元の美味しいものを食べる
テーマパーク（遊園地、動物園、博物館など）
まちあるき、都市散策
",0,1,1,0,0,1,0,0,0,0,1,0,0,0,0,0,0,0,"レンタカー
",0,1,0,0,0,0,0,"レンタカー
",0,0,0,0,満足,渋滞がなかった,"20,000円以上 30,000円未満","30,000円以上 40,000円未満","30,000円以上 40,000円未満",初めて,"観光協会等の案内所
",0,0,0,0,0,0,0,0,0,0,0,1,0,0,福井県立恐竜博物館,敦賀赤レンガ倉庫､敦賀ムゼウム,日本海さかな街,"1,000円以上 3,000円未満",満足,カニが美味しかった,満足,サービスがよかった,感じなかった,,10,食べ物が美味しい,,機会があれば行きたい,
149766,web,女,1969,55,50代,福井県,南条郡,300万円以上 400万円未満,mobile/iphone,2024-01-22 21:42:32,1月,道の駅「南えちぜん山海里」 エリア,58.道の駅「南えちぜん山海里」 エリア,南越前町,丹南,,1泊,1泊,三国・あわらエリア（あわら市・坂井市）,京都府,夫婦2人,"温泉や露天風呂
地元の美味しいものを食べる
",0,1,1,0,0,0,0,0,0,0,0,0,0,0,0,0,0,0,"県外から訪れていない（福井県在住）
",1,0,0,0,0,0,1,"自家用車
",0,0,0,0,,,"20,000円以上 30,000円未満","3,000円以上 5,000円未満","10,000円以上 20,000円未満",6～10回目,"観光展・物産展
観光パンフレット・ポスター
観光協会等の案内所
",1,0,0,1,0,0,0,0,0,0,0,1,0,0,道の駅「うみんぴあ大飯」,,道の駅「若狭熊川宿」,"3,000円以上 5,000円未満",とても満足,お土産の品数、海産物からお酒までたくさん種類があって選ぶのに迷ってしまうほどです。,とても満足,恐竜のオブジェがあったり子供が遊べるスペースもあってすごく良いと思います。,感じなかった,,9,地元の特産品など美味しいものがたくさんあるよ！と伝えたい。,,福井県在住,イチゴ狩りもできる施設もオープンしたので是非、予約して行きたいと思います。
149764,越前海岸 くりや旅館街 エリア,女,1970,54,50代,愛知県,名古屋市天白区,300万円以上 400万円未満,mobile/android,2024-01-22 20:30:35,1月,越前海岸 くりや旅館街 エリア,57.越前海岸 くりや旅館街 エリア,越前町,丹南,一般社団法人 越前町観光連盟,1泊,1泊,越前エリア（越前市・越前町・鯖江市・池田町・南越前町）,福井県外には宿泊しない,中学生以上連れの家族,"温泉や露天風呂
地元の美味しいものを食べる
",0,1,1,0,0,0,0,0,0,0,0,0,0,0,0,0,0,0,"自家用車
",1,0,0,0,0,0,0,"自家用車
",0,0,0,0,,,"100,000円以上","5,000円以上 10,000円未満","100,000円以上",6～10回目,"観光展・物産展
新聞・雑誌・ガイドブック
",1,1,0,0,0,0,0,0,0,0,0,0,0,0,選択なし/該当施設なし,,氣比神宮,"100,000円以上",満足,,満足,美味しい蟹をいただけました。温泉もツルツルに、ゆっくり出来ました。,感じた,周りにあまり店がない、活気が全くない  寂しい,6,"蟹はほんとに、美味しい
静かに過ごせる","もっと、特産のものをPRするところごあるといい
敦賀の駅周りをもっと活気のあるところにするといいのに
新幹線が通る頃、また訪れたいと思います。",また行きたい（1年以内）,
149763,道の駅「南えちぜん山海里」 エリア,女,1977,47,40代,石川県,金沢市,400万円以上 500万円未満,mobile/iphone,2024-01-22 20:25:12,1月,道の駅「南えちぜん山海里」 エリア,58.道の駅「南えちぜん山海里」 エリア,南越前町,丹南,,1泊,1泊,福井エリア（福井市・永平寺町）,福井県外には宿泊しない,中学生以上連れの家族,"宿でのんびり過ごす
地元の美味しいものを食べる
",1,0,1,0,0,0,0,0,0,0,0,0,0,0,0,0,0,0,"自家用車
",1,0,0,0,0,0,0,"自家用車
",0,0,0,0,,,"10,000円以上 20,000円未満","10,000円以上 20,000円未満","5,000円以上 10,000円未満",初めて,"新聞・雑誌・ガイドブック
観光パンフレット・ポスター
",0,1,0,1,0,0,0,0,0,0,0,0,0,0,越前大仏,,丸岡城,"3,000円以上 5,000円未満",満足,品揃えが良かった,とても満足,綺麗で、買い物しやすかった,感じなかった,,10,また訪れたいから,,また行きたい（1年以内）,
149762,北陸新幹線 越前たけふ駅 エリア,女,1976,48,40代,福井県,越前市,100万円以上 200万円未満,mobile/iphone,2024-01-22 15:47:58,1月,北陸新幹線 越前たけふ駅 エリア,38.北陸新幹線 越前たけふ駅 エリア,越前市,丹南,,日帰り,4泊以上,嶺南エリア（敦賀市・美浜町・若狭町・小浜市・おおい町・高浜町）,石川県金沢市,小学生以下連れの家族,"宿でのんびり過ごす
",1,0,0,0,0,0,0,0,0,0,0,0,0,0,0,0,0,0,"自家用車
",1,0,0,0,0,0,0,"自家用車
",0,0,0,0,満足,,"30,000円以上 40,000円未満","5,000円以上 10,000円未満","10,000円以上 20,000円未満",2～5回目,"観光パンフレット・ポスター
",0,0,0,1,0,0,0,0,0,0,0,0,0,0,選択なし/該当施設なし,,選択なし/該当施設なし,"20,000円以上 30,000円未満",とても満足,,とても満足,,感じなかった,,3,,,また行きたい（1年以内）,
149752,web,女,1998,26,20代,兵庫県,神戸市垂水区,分からない/無回答,mobile/iphone,2024-01-22 14:41:35,1月,若狭フィッシャーマンズワーフ エリア,70.若狭フィッシャーマンズワーフ エリア,小浜市,嶺南西部,(株)まちづくり小浜,2泊,2泊,嶺南エリア（敦賀市・美浜町・若狭町・小浜市・おおい町・高浜町）,福井県外には宿泊しない,親,"地元の美味しいものを食べる
",0,0,1,0,0,0,0,0,0,0,0,0,0,0,0,0,0,通りすがり,"自家用車
",1,0,0,0,0,0,0,"自家用車
",0,0,0,0,,,"5,000円以上 10,000円未満","3,000円以上 5,000円未満","10,000円以上 20,000円未満",2～5回目,"その他
",0,0,0,0,0,0,0,0,0,0,0,0,0,0,選択なし/該当施設なし,,選択なし/該当施設なし,使わない,満足,,満足,,感じなかった,,7,,,,
149760,道の駅「シーサイド高浜」 エリア,女,1963,61,60代,滋賀県,高島市,"1,000万円以上 1,200万円未満",mobile/iphone,2024-01-22 14:33:30,1月,道の駅「シーサイド高浜」 エリア,88.道の駅「シーサイド高浜」 エリア,高浜町,嶺南西部,,1泊,1泊,嶺南エリア（敦賀市・美浜町・若狭町・小浜市・おおい町・高浜町）,京都府,友人,"温泉や露天風呂
地元の美味しいものを食べる
",0,1,1,0,0,0,0,0,0,0,0,0,0,0,0,0,0,0,"自家用車
",1,0,0,0,0,0,0,"自家用車
",0,0,0,0,,,"10,000円以上 20,000円未満","1,000円以上 3,000円未満","10,000円以上 20,000円未満",2～5回目,"インターネット・アプリ
",0,0,0,0,0,1,0,0,0,0,0,0,0,0,選択なし/該当施設なし,宿に行ってゆっくり過ごす,選択なし/該当施設なし,"1,000円以上 3,000円未満",満足,広くて空いてて、お風呂にゆっくり入れた,満足,広々としている,感じなかった,,7,全体的に広くてゆったりしている。,もう少し、食を、充実させて欲しい。,また行きたい（1年以内）,ふぐ、カニ、他魚介　海水浴、
149759,平泉寺白山神社 エリア,女,1970,54,50代,大阪府,茨木市,"1,000万円以上 1,200万円未満",mobile/iphone,2024-01-22 13:28:31,1月,平泉寺白山神社 エリア,29.平泉寺白山神社 エリア,勝山市,勝山市・大野市,勝山市観光まちづくり(株),1泊,1泊,三国・あわらエリア（あわら市・坂井市）,福井県外には宿泊しない,夫婦2人,"宿でのんびり過ごす
温泉や露天風呂
名所、旧跡の観光
ドライブ・ツーリング
",1,1,0,0,1,0,0,0,0,0,0,0,0,0,1,0,0,0,"自家用車
",1,0,0,0,0,0,0,"自家用車
",0,0,0,0,,,"10,000円以上 20,000円未満","10,000円以上 20,000円未満","20,000円以上 30,000円未満",初めて,"インターネット・アプリ
",0,0,0,0,0,1,0,0,0,0,0,0,0,0,丸岡城,,福井県立恐竜博物館,"3,000円以上 5,000円未満",満足,,どちらでもない,,感じた,季節外れの時のおトイレが閉鎖されてて困りました,5,,,また行きたい（1年以内）,
149758,三国湊 エリア,女,1984,40,40代,福井県,坂井市,200万円以上 300万円未満,mobile/iphone,2024-01-22 13:18:30,1月,三国湊 エリア,09.三国湊 エリア,坂井市,あわら市・坂井市,(一社)DMOさかい観光局,日帰り,福井県内には宿泊しない,福井県内には宿泊しない,福井県外には宿泊しない,自分ひとり,"友人・親戚を尋ねる
",0,0,0,0,0,0,0,0,0,0,0,0,0,0,0,1,0,0,"県外から訪れていない（福井県在住）
",1,0,0,0,0,0,1,"自家用車
",0,0,0,0,,,使わない,使わない,"1,000円以上 3,000円未満",11回目以上,"友人・知人
",0,0,0,0,0,0,0,0,0,0,1,0,0,0,選択なし/該当施設なし,,選択なし/該当施設なし,"1,000円以上 3,000円未満",満足,,とても満足,,感じなかった,,8,,,,
149753,湖上館パムコ（水月湖）エリア,女,1966,58,50代,兵庫県,神戸市垂水区,200万円以上 300万円未満,mobile/iphone,2024-01-22 12:45:18,1月,湖上館パムコ（水月湖）エリア,82.湖上館パムコ（水月湖） エリア,若狭町,嶺南東部,三方五湖DMO(株),2泊,2泊,嶺南エリア（敦賀市・美浜町・若狭町・小浜市・おおい町・高浜町）,福井県外には宿泊しない,その他家族,"地元の美味しいものを食べる
",0,0,1,0,0,0,0,0,0,0,0,0,0,0,0,0,0,0,"自家用車
",1,0,0,0,0,0,0,"自家用車
",0,0,0,0,,,"100,000円以上","10,000円以上 20,000円未満","40,000円以上 50,000円未満",2～5回目,"TV・ラジオ番組やCM
",0,0,1,0,0,0,0,0,0,0,0,0,0,0,三方五湖,,三丁町,"5,000円以上 10,000円未満",満足,,満足,,感じなかった,,10,,,機会があれば行きたい,
149757,湖上館パムコ（水月湖）エリア,男,1964,60,60代,兵庫県,神戸市垂水区,分からない/無回答,mobile/android,2024-01-22 12:44:52,1月,湖上館パムコ（水月湖）エリア,82.湖上館パムコ（水月湖） エリア,若狭町,嶺南東部,三方五湖DMO(株),2泊,2泊,嶺南エリア（敦賀市・美浜町・若狭町・小浜市・おおい町・高浜町）,京都府,夫婦2人,"温泉や露天風呂
",0,1,0,0,0,0,0,0,0,0,0,0,0,0,0,0,0,0,"自家用車
",0,1,0,0,0,0,0,"レンタカー
",0,0,0,0,とても満足,,"100,000円以上","40,000円以上 50,000円未満","20,000円以上 30,000円未満",11回目以上,"観光展・物産展
",1,0,0,0,0,0,0,0,0,0,0,0,0,0,選択なし/該当施設なし,,選択なし/該当施設なし,"20,000円以上 30,000円未満",とても満足,,とても満足,,感じた,,10,,,また行きたい（1年以内）,
149756,若狭高浜 エリア,女,1967,57,50代,京都府,舞鶴市,400万円以上 500万円未満,mobile/iphone,2024-01-22 12:39:37,1月,若狭高浜 エリア,90.若狭高浜 エリア,高浜町,嶺南西部,,日帰り,福井県内には宿泊しない,福井県内には宿泊しない,福井県外には宿泊しない,小学生以下連れの家族,"地元の美味しいものを食べる
",0,0,1,0,0,0,0,0,0,0,0,0,0,0,0,0,0,0,"自家用車
",1,0,0,0,0,0,0,"自家用車
",0,0,0,0,とても満足,,"3,000円以上 5,000円未満",使わない,"3,000円以上 5,000円未満",11回目以上,"インターネット・アプリ
",0,0,0,0,0,1,0,0,0,0,0,0,0,0,選択なし/該当施設なし,,選択なし/該当施設なし,"3,000円以上 5,000円未満",とても満足,,とても満足,,感じなかった,,9,,,,
149754,道の駅「越前」 エリア,女,1961,63,60代,福井県,坂井市,400万円以上 500万円未満,mobile/android,2024-01-22 12:19:32,1月,道の駅「越前」 エリア,49.道の駅「越前」 エリア,越前町,丹南,一般社団法人 越前町観光連盟,日帰り,福井県内には宿泊しない,福井県内には宿泊しない,福井県外には宿泊しない,夫婦2人,"地元の美味しいものを食べる
",0,0,1,0,0,0,0,0,0,0,0,0,0,0,0,0,0,0,"県外から訪れていない（福井県在住）
",1,0,0,0,0,0,1,"自家用車
",0,0,0,0,,,使わない,"1,000円未満","3,000円以上 5,000円未満",2～5回目,"TV・ラジオ番組やCM
",0,0,1,0,0,0,0,0,0,0,0,0,0,0,選択なし/該当施設なし,,選択なし/該当施設なし,"5,000円以上 10,000円未満",満足,,満足,,感じなかった,,8,,,,
149749,あわら湯のまち エリア,男,1956,68,60代,兵庫県,神戸市東灘区,500万円以上 600万円未満,mobile/iphone,2024-01-22 09:31:45,1月,あわら湯のまち エリア,17.あわら湯のまち エリア,あわら市,あわら市・坂井市,,1泊,1泊,三国・あわらエリア（あわら市・坂井市）,福井県外には宿泊しない,夫婦2人,"宿でのんびり過ごす
",1,0,0,0,0,0,0,0,0,0,0,0,0,0,0,0,0,0,"在来線
",1,0,0,0,0,0,0,"自家用車
",0,0,0,0,満足,楽に来る事ができる,"10,000円以上 20,000円未満","10,000円以上 20,000円未満","5,000円以上 10,000円未満",初めて,"インターネット・アプリ
",0,0,0,0,0,1,0,0,0,0,0,0,0,0,選択なし/該当施設なし,,選択なし/該当施設なし,"5,000円以上 10,000円未満",満足,旅館の方がとても親切,満足,のんびりと過ごすことができた。,感じなかった,,6,温泉と質が良く、のんびりできる。,あわら湯の町エリアには観光する所が少ないので、観光するには車が必要。,機会があれば行きたい,いろいろと美味しいものがあるが、カニ以外に思い浮かばない。
149775,東尋坊 エリア,男,1989,35,30代,東京都,品川区,500万円以上 600万円未満,mobile/android,2024-01-23 20:31:15,1月,東尋坊 エリア,10.東尋坊 エリア,坂井市,あわら市・坂井市,(一社)DMOさかい観光局,4泊以上,4泊以上,福井エリア（福井市・永平寺町）,福井県外には宿泊しない,自分ひとり,"温泉や露天風呂
地元の美味しいものを食べる
名所、旧跡の観光
",0,1,1,0,1,0,0,0,0,0,0,0,0,0,0,0,0,ロゲットカード,"新幹線
在来線
",0,0,1,1,0,0,0,"在来線
路線バス
",0,1,0,0,満足,思ったよりバスの本数や種類があり、順番の変更にも上手く対応できた(具体的には東尋坊のあとあわら湯のまち駅に来たが、火曜日で日帰り温泉が3時からだったので急遽丸岡城に先に行ってから戻って温泉に入れた),"20,000円以上 30,000円未満","30,000円以上 40,000円未満","20,000円以上 30,000円未満",初めて,"インターネット・アプリ
その他
",0,0,0,0,0,1,0,0,0,0,0,0,0,0,山代温泉（石川県）,,一乗谷朝倉氏遺跡,"1,000円以上 3,000円未満",とても満足,東尋坊自体もよかったが、予定外に飲食店が充実していたのでカニを食べれた,満足,,感じなかった,,9,東尋坊、丸岡城、一乗谷、福井城址、恐竜博物館、大野城、名水百選の御清水、温泉など見どころが多いことと、電車バスを含めた移動がよいため。金沢、加賀温泉を含めても移動がよい。個人的には大野市にある野鳥の餌台が見たかったが市民向けなので足がないのは仕方なく理解しています。,,機会があれば行きたい,ロゲットカードやマンホールカードの配布ありがとうございます。既に色々配布いただいており恐縮ですが、もし次に配布があればあわら湯のまちでもお願いします。(マンホールカードはシニア層が多そうなので湯治客が増えるかもなので)。湯巡権三はかわいいのでマンホールにしたら人気が出そうな気がします。東尋坊や一乗谷に来た方がついでに芦原温泉に寄ってくれるといいですね。
149771,一乗谷朝倉氏遺跡 エリア,女,1974,50,50代,愛知県,豊橋市,200万円以上 300万円未満,mobile/iphone,2024-01-23 17:46:26,1月,一乗谷朝倉氏遺跡 エリア,06.一乗谷朝倉氏遺跡 エリア,福井市,福井市・永平寺町,,1泊,1泊,越前エリア（越前市・越前町・鯖江市・池田町・南越前町）,福井県外には宿泊しない,夫婦2人,"宿でのんびり過ごす
温泉や露天風呂
地元の美味しいものを食べる
名所、旧跡の観光
",1,1,1,0,1,0,0,0,0,0,0,0,0,0,0,0,0,旦那から,"自家用車
",1,0,0,0,0,0,0,"自家用車
",0,0,0,0,,,"100,000円以上","5,000円以上 10,000円未満","100,000円以上",初めて,"その他
",0,0,0,0,0,0,0,0,0,0,0,0,0,0,東尋坊,,選択なし/該当施設なし,使わない,どちらでもない,"天気が悪く見学断念。
今度は天気のいい時にリベンジしたいと思います。",どちらでもない,,感じなかった,,10,,,機会があれば行きたい,道の駅が沢山欲しい。
149774,北陸新幹線 越前たけふ駅 エリア,女,1982,42,40代,福井県,丹生郡,300万円以上 400万円未満,mobile/android,2024-01-23 15:15:07,1月,北陸新幹線 越前たけふ駅 エリア,38.北陸新幹線 越前たけふ駅 エリア,越前市,丹南,,日帰り,福井県内には宿泊しない,福井県内には宿泊しない,福井県外には宿泊しない,小学生以下連れの家族,"まちあるき、都市散策
ドライブ・ツーリング
",0,0,0,0,0,0,0,0,0,0,1,0,0,0,1,0,0,0,"自家用車
",1,0,0,0,0,0,0,"自家用車
",0,0,0,0,,,"3,000円以上 5,000円未満","1,000円以上 3,000円未満","3,000円以上 5,000円未満",初めて,"観光協会等の案内所
",0,0,0,0,0,0,0,0,0,0,0,1,0,0,選択なし/該当施設なし,,選択なし/該当施設なし,"1,000円以上 3,000円未満",満足,,とても満足,,感じなかった,,7,,,,
149773,若狭和田 エリア,女,1957,67,60代,滋賀県,高島市,400万円以上 500万円未満,mobile/android,2024-01-23 13:04:32,1月,若狭和田 エリア,89.若狭和田 エリア,高浜町,嶺南西部,,1泊,1泊,嶺南エリア（敦賀市・美浜町・若狭町・小浜市・おおい町・高浜町）,その他,友人,"地元の美味しいものを食べる
",0,0,1,0,0,0,0,0,0,0,0,0,0,0,0,0,0,0,"自家用車
",1,0,0,0,0,0,0,"自家用車
",0,0,0,0,,,"10,000円以上 20,000円未満","3,000円以上 5,000円未満","10,000円以上 20,000円未満",2～5回目,"新聞・雑誌・ガイドブック
",0,1,0,0,0,0,0,0,0,0,0,0,0,0,日本海さかな街,,選択なし/該当施設なし,"5,000円以上 10,000円未満",満足,看板が充実していてわかりやすい。町がきれい。,満足,民宿がよかった,感じなかった,,10,ブルーライトよこやま,ショッピングの施設があればもっと良い,また行きたい（1年以内）,海鮮にこだわらないおしゃれなカフェ
149760,道の駅「シーサイド高浜」 エリア,女,1963,61,60代,滋賀県,高島市,"1,000万円以上 1,200万円未満",mobile/iphone,2024-01-23 12:57:02,1月,若狭和田 エリア,89.若狭和田 エリア,高浜町,嶺南西部,,1泊,1泊,嶺南エリア（敦賀市・美浜町・若狭町・小浜市・おおい町・高浜町）,京都府,友人,"地元の美味しいものを食べる
",0,0,1,0,0,0,0,0,0,0,0,0,0,0,0,0,0,0,"自家用車
",1,0,0,0,0,0,0,"自家用車
",0,0,0,0,,,"10,000円以上 20,000円未満","1,000円以上 3,000円未満","10,000円以上 20,000円未満",6～10回目,"インターネット・アプリ
",0,0,0,0,0,1,0,0,0,0,0,0,0,0,選択なし/該当施設なし,,選択なし/該当施設なし,"1,000円以上 3,000円未満",とても満足,美味しくて、お洒落なイタリアン,満足,とても美味しくて、お洒落なイタリアンでした。,感じなかった,,8,ゆったりとしてて、食が美味しく、景色も良い。,お寿司、イタリアン、パティスリー、パン,また行きたい（1年以内）,上記と同じ
149768,JR敦賀駅前 エリア,無回答,1965,59,50代,愛知県,瀬戸市,分からない/無回答,mobile/android,2024-01-23 08:54:29,1月,JR敦賀駅前 エリア,63.JR敦賀駅前 エリア,敦賀市,嶺南東部,,1泊,1泊,嶺南エリア（敦賀市・美浜町・若狭町・小浜市・おおい町・高浜町）,福井県外には宿泊しない,職場の同僚,"出張など仕事関係
",0,0,0,0,0,0,0,0,0,0,0,0,0,0,0,0,1,0,"その他
",0,0,0,0,0,0,0,"その他
",0,0,0,0,,,"5,000円以上 10,000円未満","10,000円以上 20,000円未満","10,000円以上 20,000円未満",11回目以上,"インターネット・アプリ
",0,0,0,0,0,1,0,0,0,0,0,0,0,0,日本海さかな街,,選択なし/該当施設なし,"10,000円以上 20,000円未満",とても満足,まるさん屋さんがとても美味しかったです,満足,綺麗。,感じた,夜の閉店が早い,7,食べ物の美味しいところ,少し価格が高いので、生協ハーツで購入します。コスパはハーツが良い,また行きたい（1年以内）,魚介類が魅力です。せこ蟹やくもこが好みです。梅干しも食べてみたいです。
149784,JR敦賀駅前 エリア,女,1969,55,50代,大阪府,三島郡,400万円以上 500万円未満,mobile/android,2024-01-24 21:34:21,1月,JR敦賀駅前 エリア,63.JR敦賀駅前 エリア,敦賀市,嶺南東部,,1泊,1泊,嶺南エリア（敦賀市・美浜町・若狭町・小浜市・おおい町・高浜町）,福井県外には宿泊しない,その他家族,"出張など仕事関係
",0,0,0,0,0,0,0,0,0,0,0,0,0,0,0,0,1,0,"在来線
",0,0,0,0,0,0,0,"路線バス
レンタサイクル
",0,1,0,1,満足,便利だったから,"5,000円以上 10,000円未満","5,000円以上 10,000円未満","5,000円以上 10,000円未満",6～10回目,"友人・知人
",0,0,0,0,0,0,0,0,0,0,1,0,0,0,氣比神宮,,敦賀赤レンガ倉庫,"5,000円以上 10,000円未満",満足,,満足,,感じなかった,,5,,,機会があれば行きたい,
149781,名勝 養浩館庭園 エリア,男,1972,52,50代,福井県,福井市,500万円以上 600万円未満,mobile/android,2024-01-24 17:00:52,1月,名勝 養浩館庭園 エリア,04.名勝 養浩館庭園 エリア,福井市,福井市・永平寺町,,日帰り,福井県内には宿泊しない,福井県内には宿泊しない,福井県外には宿泊しない,自分ひとり,"名所、旧跡の観光
",0,0,0,0,1,0,0,0,0,0,0,0,0,0,0,0,0,0,"自家用車
",1,0,0,0,0,0,0,"自家用車
",0,0,0,0,,,"10,000円以上 20,000円未満","1,000円未満","1,000円未満",6～10回目,"インターネット・アプリ
",0,0,0,0,0,1,0,0,0,0,0,0,0,0,選択なし/該当施設なし,,選択なし/該当施設なし,"1,000円未満",とても満足,博物館を訪れたが、福井の歴史を知れてよかった,とても満足,福井の歴史に触れることができた。,感じなかった,,5,福井の歴史に触れるには良いエリアだと思ったため,飲食や小休憩ができると良いと思った。,,安く手軽にゴルフができると良いと思います。ショートコースが欲しい。
149780,道の駅「南えちぜん山海里」 エリア,男,1961,63,60代,大阪府,豊中市,400万円以上 500万円未満,mobile/iphone,2024-01-24 15:15:23,1月,道の駅「南えちぜん山海里」 エリア,58.道の駅「南えちぜん山海里」 エリア,南越前町,丹南,,4泊以上,2泊,越前エリア（越前市・越前町・鯖江市・池田町・南越前町）,石川県金沢市,夫婦2人,"地元の美味しいものを食べる
スキー・スノボ、マリンスポーツ
",0,0,1,0,0,0,0,0,0,0,0,0,1,0,0,0,0,0,"その他
",0,0,0,0,0,0,0,"その他
",0,0,0,0,満足,自由に時間が使える。お気に入りのエリアに、何日も滞在できる。年に、何回も、訪問できる。,使わない,"20,000円以上 30,000円未満","30,000円以上 40,000円未満",2～5回目,"友人・知人
",0,0,0,0,0,0,0,0,0,0,1,0,0,0,選択なし/該当施設なし,道の駅越前,道の駅「河野」,"30,000円以上 40,000円未満",とても満足,あめこ餅のファン。海鮮も楽しみ。,とても満足,綺麗。特にトイレ。寒いので、手洗いの温水が、有り難かった。,感じなかった,,10,食べ物が、美味しすぎる。,地域ならではの、おばあちゃんが、作るような、パックに入ったお総菜が、有ると良いと思った。道の駅南条には、有った。,また行きたい（1年以内）,商品が、他県に比べて、割高。東北など、他エリアの良い所を視察して、参考にすると、もっと良くなると思う。
149776,web,男,1969,55,50代,大阪府,豊中市,"1,000万円以上 1,200万円未満",mobile/iphone,2024-01-24 15:15:14,1月,福井駅前 エリア（宿泊施設）,02.福井駅前 エリア（宿泊施設）,福井市,福井市・永平寺町,,4泊以上,4泊以上,福井エリア（福井市・永平寺町）,福井県外には宿泊しない,職場の同僚,"出張など仕事関係
",0,0,0,0,0,0,0,0,0,0,0,0,0,0,0,0,1,0,"在来線
",0,0,0,1,0,0,0,"在来線
",0,0,0,0,とても満足,サンダーバードが大阪から便利,"40,000円以上 50,000円未満","10,000円以上 20,000円未満","20,000円以上 30,000円未満",初めて,"友人・知人
",0,0,0,0,0,0,0,0,0,0,1,0,0,0,大本山永平寺,,丸岡城,"30,000円以上 40,000円未満",とても満足,大浴場が良い,とても満足,親切、丁寧,感じなかった,部屋のカードキーの受け渡しに時間がかかる,10,"福井の人は、優しい
親切",秋吉うまし,また行きたい（1年以内）,焼き鳥旨し
149778,あわら湯のまち エリア,男,1941,83,80歳以上,京都府,八幡市,200万円以上 300万円未満,mobile/android,2024-01-24 10:28:59,1月,あわら湯のまち エリア,17.あわら湯のまち エリア,あわら市,あわら市・坂井市,,1泊,1泊,福井県内には宿泊しない,福井県外には宿泊しない,夫婦2人,"温泉や露天風呂
地元の美味しいものを食べる
",0,1,1,0,0,0,0,0,0,0,0,0,0,0,0,0,0,旅行会社,"在来線
",0,0,0,0,0,0,0,"その他
",0,0,0,0,満足,特に無し,"10,000円以上 20,000円未満","5,000円以上 10,000円未満","5,000円以上 10,000円未満",2～5回目,"その他
",0,0,0,0,0,0,0,0,0,0,0,0,0,0,選択なし/該当施設なし,,選択なし/該当施設なし,"5,000円以上 10,000円未満",どちらでもない,,どちらでもない,,感じなかった,,5,,,機会があれば行きたい,
149796,web,女,1993,31,30代,福井県,坂井市,100万円以上 200万円未満,mobile/iphone,2024-01-25 22:39:02,1月,あわら湯のまち エリア,17.あわら湯のまち エリア,あわら市,あわら市・坂井市,,日帰り,福井県内には宿泊しない,福井県内には宿泊しない,京都府,親,"温泉や露天風呂
",0,1,0,0,0,0,0,0,0,0,0,0,0,0,0,0,0,0,"自家用車
",1,0,0,0,0,0,0,"自家用車
",0,0,0,0,,,使わない,"1,000円未満","1,000円未満",11回目以上,"観光展・物産展
観光パンフレット・ポスター
",1,0,0,1,0,0,0,0,0,0,0,0,0,0,選択なし/該当施設なし,,選択なし/該当施設なし,"1,000円以上 3,000円未満",とても満足,,とても満足,,感じなかった,,6,,,また行きたい（1年以内）,
149795,越前松島水族館 エリア,男,1981,43,40代,埼玉県,鶴ヶ島市,600万円以上 700万円未満,mobile/android,2024-01-25 21:33:15,1月,越前松島水族館 エリア,11.越前松島水族館 エリア,坂井市,あわら市・坂井市,(一社)DMOさかい観光局,2泊,2泊,三国・あわらエリア（あわら市・坂井市）,福井県外には宿泊しない,夫婦2人,"地元の美味しいものを食べる
テーマパーク（遊園地、動物園、博物館など）
買い物、アウトレット
",0,0,1,0,0,1,1,0,0,0,0,0,0,0,0,0,0,0,"新幹線
在来線
",0,0,1,1,0,0,0,"在来線
路線バス
",0,1,0,0,満足,,"50,000円以上 100,000円未満","30,000円以上 40,000円未満","20,000円以上 30,000円未満",2～5回目,"友人・知人
宿泊施設
",0,0,0,0,0,0,0,0,0,0,1,0,0,1,選択なし/該当施設なし,,福井県立恐竜博物館,"50,000円以上 100,000円未満",満足,,満足,,感じなかった,,8,,,機会があれば行きたい,
149793,道の駅「南えちぜん山海里」 エリア,女,1981,43,40代,新潟県,妙高市,500万円以上 600万円未満,mobile/iphone,2024-01-25 19:27:13,1月,道の駅「南えちぜん山海里」 エリア,58.道の駅「南えちぜん山海里」 エリア,南越前町,丹南,,4泊以上,福井県内には宿泊しない,福井県内には宿泊しない,京都府,夫婦2人,"その他
",0,0,0,0,0,0,0,0,0,0,0,0,0,0,0,0,0,通りすがりに目にした,"自家用車
",1,0,0,0,0,0,0,"自家用車
",0,0,0,0,,,使わない,"20,000円以上 30,000円未満","1,000円以上 3,000円未満",初めて,"その他
",0,0,0,0,0,0,0,0,0,0,0,0,0,0,選択なし/該当施設なし,,京都市内寺院（京都府）,"1,000円以上 3,000円未満",満足,"トイレなど施設が綺麗でした。
買いたくなる魅力的な商品がたくさんあったのでお土産を買いました。
自宅用に購入した羽二重餅はとても美味しかったです。
夜遅かったので飲食店が閉まっていて食事出来なかったのが残念でした。",満足,"今回この施設のことを知らずにたまたまトイレ休憩に立ち寄っただけでしたが、やはりトイレが綺麗であることは大事です。気持ちよく利用できました。
旅行先へ向かう道中だったので買う予定ではなかったお土産も、つい買ってしまうほど魅力的でした。
夜遅かったので飲食店が閉まっていて食事出来なかったのが心残りなので、次は食事を目的に訪れたいです。",感じなかった,,9,"道の駅の施設が綺麗。
今回食事出来なかったがもし食べていて美味しかったら10つけていた。",,また行きたい（1年以内）,"定食屋さんが大好きなので
地元食材を使った美味しい定食屋がいっぱいあると嬉しいです。
お酒を飲まないので夜も営業してる定食屋があれば最高です。"
149794,福井駅前 エリア（宿泊施設）,男,1963,61,60代,埼玉県,さいたま市大宮区,700万円以上 800万円未満,mobile/iphone,2024-01-25 19:21:03,1月,福井駅前 エリア（宿泊施設）,02.福井駅前 エリア（宿泊施設）,福井市,福井市・永平寺町,,2泊,1泊,福井エリア（福井市・永平寺町）,富山,職場の同僚,"出張など仕事関係
",0,0,0,0,0,0,0,0,0,0,0,0,0,0,0,0,1,0,"自家用車
",1,0,0,0,0,0,0,"自家用車
",0,0,0,0,とても満足,,"5,000円以上 10,000円未満","10,000円以上 20,000円未満","5,000円以上 10,000円未満",6～10回目,"インターネット・アプリ
",0,0,0,0,0,1,0,0,0,0,0,0,0,0,小浜町家ステイ,,選択なし/該当施設なし,"20,000円以上 30,000円未満",満足,大浴場が有るのが良かった,満足,居酒屋が美味しかった,感じなかった,,7,美味しいご飯,,また行きたい（1年以内）,
149791,小浜 エリア（宿泊施設）,女,1958,66,60代,福井県,鯖江市,400万円以上 500万円未満,mobile/iphone,2024-01-25 18:29:26,1月,小浜 エリア（宿泊施設）,69.小浜 エリア（宿泊施設）,小浜市,嶺南西部,(株)まちづくり小浜,1泊,2泊,嶺南エリア（敦賀市・美浜町・若狭町・小浜市・おおい町・高浜町）,京都府,夫婦2人,"宿でのんびり過ごす
",1,0,0,0,0,0,0,0,0,0,0,0,0,0,0,0,0,0,"自家用車
",1,0,0,0,0,0,0,"自家用車
",0,0,0,0,,,"30,000円以上 40,000円未満","1,000円以上 3,000円未満","5,000円以上 10,000円未満",2～5回目,"友人・知人
",0,0,0,0,0,0,0,0,0,0,1,0,0,0,選択なし/該当施設なし,,選択なし/該当施設なし,"20,000円以上 30,000円未満",とても満足,宿泊施設の食事がとても美味しく満足,とても満足,,感じなかった,,5,,,福井県在住,
149790,道の駅「越前おおの荒島の郷」 エリア,女,1963,61,60代,奈良県,大和郡山市,200万円以上 300万円未満,mobile/iphone,2024-01-25 18:25:00,1月,道の駅「越前おおの荒島の郷」 エリア,22.道の駅「越前おおの荒島の郷」 エリア,大野市,勝山市・大野市,,1泊,1泊,福井エリア（福井市・永平寺町）,福井県外には宿泊しない,夫婦2人,"宿でのんびり過ごす
温泉や露天風呂
",1,1,0,0,0,0,0,0,0,0,0,0,0,0,0,0,0,二、三回通りすがら立ち寄った,"自家用車
",1,0,0,0,0,0,0,"自家用車
",0,0,0,0,とても満足,"いつも車で、ドライブに、福井に行ってるから
いいところが、たくさんある","10,000円以上 20,000円未満","3,000円以上 5,000円未満","5,000円以上 10,000円未満",2～5回目,"その他
",0,0,0,0,0,0,0,0,0,0,0,0,0,0,九頭竜湖,モネの池に、いった,選択なし/該当施設なし,"1,000円以上 3,000円未満",とても満足,綺麗で種類が多い,とても満足,綺麗,感じなかった,,10,"食べ物も美味しいし
水も美味しい",,また行きたい（1年以内）,"とても満足してる
ただ、へしことか、食べ方がわからないので、こうしたら美味しいとかの、試食させてもらえたらへしこ等、買うかも

料理の仕方が、わからない"
149789,web,男,1955,69,60代,福井県,鯖江市,500万円以上 600万円未満,mobile/android,2024-01-25 17:55:00,1月,小浜 エリア（宿泊施設）,69.小浜 エリア（宿泊施設）,小浜市,嶺南西部,(株)まちづくり小浜,1泊,1泊,嶺南エリア（敦賀市・美浜町・若狭町・小浜市・おおい町・高浜町）,福井県外には宿泊しない,夫婦2人,"温泉や露天風呂
地元の美味しいものを食べる
買い物、アウトレット
まちあるき、都市散策
ドライブ・ツーリング
",0,1,1,0,0,0,1,0,0,0,1,0,0,0,1,0,0,0,"自家用車
",1,0,0,0,0,0,0,"自家用車
",0,0,0,0,,,"20,000円以上 30,000円未満","5,000円以上 10,000円未満","10,000円以上 20,000円未満",6～10回目,"新聞・雑誌・ガイドブック
インターネット・アプリ
",0,1,0,0,0,1,0,0,0,0,0,0,0,0,選択なし/該当施設なし,,選択なし/該当施設なし,"10,000円以上 20,000円未満",満足,食事が良かった,満足,恐竜の展示コーナーが良かった,感じなかった,,8,ホテル,もっと食のアピールをしてもよいのでは,福井県在住,
149788,福井駅前 エリア（宿泊施設）,男,1970,54,50代,愛知県,春日井市,700万円以上 800万円未満,mobile/iphone,2024-01-25 14:31:46,1月,福井駅前 エリア（宿泊施設）,02.福井駅前 エリア（宿泊施設）,福井市,福井市・永平寺町,,4泊以上,4泊以上,越前エリア（越前市・越前町・鯖江市・池田町・南越前町）,福井県外には宿泊しない,職場の同僚,"出張など仕事関係
",0,0,0,0,0,0,0,0,0,0,0,0,0,0,0,0,1,0,"自家用車
",1,0,0,0,0,0,0,"自家用車
",0,0,0,0,,,"5,000円以上 10,000円未満","5,000円以上 10,000円未満","3,000円以上 5,000円未満",初めて,"インターネット・アプリ
",0,0,0,0,0,1,0,0,0,0,0,0,0,0,選択なし/該当施設なし,,選択なし/該当施設なし,"5,000円以上 10,000円未満",満足,,満足,,感じた,,7,,,機会があれば行きたい,
149787,道の駅「越前」 エリア,女,1968,56,50代,滋賀県,大津市,分からない/無回答,mobile/iphone,2024-01-25 13:17:06,1月,道の駅「越前」 エリア,49.道の駅「越前」 エリア,越前町,丹南,一般社団法人 越前町観光連盟,日帰り,福井県内には宿泊しない,越前エリア（越前市・越前町・鯖江市・池田町・南越前町）,滋賀県,自分ひとり,"温泉や露天風呂
地元の美味しいものを食べる
ドライブ・ツーリング
",0,1,1,0,0,0,0,0,0,0,0,0,0,0,1,0,0,0,"自家用車
",1,0,0,0,0,0,0,"自家用車
",0,0,0,0,とても満足,フリー時間はストレス無し。景色を満喫できる。,"30,000円以上 40,000円未満","3,000円以上 5,000円未満","20,000円以上 30,000円未満",11回目以上,"友人・知人
タクシードライバーや地元の人
",0,0,0,0,0,0,0,0,0,0,1,0,1,0,選択なし/該当施設なし,道の駅「越前」は一日ゆっくりできる。リセットする時にいく,選択なし/該当施設なし,"30,000円以上 40,000円未満",満足,買い物、食事、お風呂と一日ゆっくりでるのが良い。景色も最高！夕陽をみて露天風呂は大変気持ちがよい。,満足,お風呂は地元の人が多い。静かに入浴したいが、時間帯によっては賑やか､､,感じた,"食事。軽食がない､､
横になれる休憩場所がない。有料､､
喫煙が外のみ､､",3,前はプールもあったから薦められたが、今は普通。遠方からわざわざ行く特別なモノがなく、数回で飽きるかな。,お風呂、定期的に掃除してもらいたい。もう少し清潔にしてほしい。入れ墨タトゥーの指摘かねて！,機会があれば行きたい,"お魚美味しい！
簡単、気軽に新鮮な魚を定期に購入できるルートあればいいな～"
149786,web,女,1992,32,30代,福井県,鯖江市,分からない/無回答,mobile/iphone,2024-01-25 09:19:23,1月,あわら湯のまち エリア,17.あわら湯のまち エリア,あわら市,あわら市・坂井市,,1泊,1泊,三国・あわらエリア（あわら市・坂井市）,その他,小学生以下連れの家族,"宿でのんびり過ごす
地元の美味しいものを食べる
",1,0,1,0,0,0,0,0,0,0,0,0,0,0,0,0,0,0,"県外から訪れていない（福井県在住）
",1,0,0,0,0,0,1,"自家用車
",0,0,0,0,,,"20,000円以上 30,000円未満","1,000円以上 3,000円未満","5,000円以上 10,000円未満",2～5回目,"Instagram
友人・知人
",0,0,0,0,0,0,0,1,0,0,1,0,0,0,越前松島水族館,,選択なし/該当施設なし,"20,000円以上 30,000円未満",とても満足,ホテル八木さんの滞在に満足したから,とても満足,,感じた,県外から来てもらう場合に駅から温泉街まで遠いので,10,,,福井県在住,
149785,web,女,1982,42,40代,福井県,福井市,500万円以上 600万円未満,mobile/android,2024-01-25 01:14:16,1月,北陸新幹線 越前たけふ駅 エリア,38.北陸新幹線 越前たけふ駅 エリア,越前市,丹南,,日帰り,1泊,嶺南エリア（敦賀市・美浜町・若狭町・小浜市・おおい町・高浜町）,福井県外には宿泊しない,恋人,"温泉や露天風呂
地元の美味しいものを食べる
ドライブ・ツーリング
",0,1,1,0,0,0,0,0,0,0,0,0,0,0,1,0,0,0,"県外から訪れていない（福井県在住）
",1,0,0,0,0,0,1,"自家用車
",0,0,0,0,,,"10,000円以上 20,000円未満","3,000円以上 5,000円未満","5,000円以上 10,000円未満",2～5回目,"新聞・雑誌・ガイドブック
観光パンフレット・ポスター
観光連盟やDMOのHP
",0,1,0,1,1,0,0,0,0,0,0,0,0,0,若狭瓜割名水公園 瓜割の滝,,道の駅「さかい」（坂井地域交流センター「いねす」）,"1,000円以上 3,000円未満",満足,新鮮な海鮮が売られていて見ていて楽しかった。夕方でかなりお得に販売されていた。,とても満足,多目的スペースや新幹線開業に向けた創作品などみんなが楽しめるスペースでした。,感じた,駐車場入ってから、道の駅の建物の入口が分かりづらかった。,10,自然、食べ物、人、改めて福井の魅力を感じた。,市街を展望できるようなタワーがあると魅力的。外から見ても建物が目立つと思う。,福井県在住,メガネのフレームを使ったキーホルダーなどのお土産が個人的にはユニークで好きです。福井ならではなのでもっと全国に広まると嬉しいです。
149775,東尋坊 エリア,男,1989,35,30代,東京都,品川区,500万円以上 600万円未満,mobile/android,2024-01-28 02:48:44,1月,レインボーライン エリア,77.レインボーライン エリア,美浜町,嶺南東部,三方五湖DMO(株),4泊以上,4泊以上,福井エリア（福井市・永平寺町）,福井県外には宿泊しない,自分ひとり,"名所、旧跡の観光
",0,0,0,0,1,0,0,0,0,0,0,0,0,0,0,0,0,ロゲットカード,"在来線
",0,0,0,0,0,0,0,"タクシー
",1,0,0,0,どちらでもない,仕方ないが三方駅から山頂公園へタクシーは高くついた。(時期によりあるようだが)バスかレンタルバイクが近くに欲しいと思った。ただ山頂公園の広さやレインボーラインの道幅からすると人が沢山来たらすし詰めになりそうとも思った。,"20,000円以上 30,000円未満","30,000円以上 40,000円未満","20,000円以上 30,000円未満",初めて,"その他
",0,0,0,0,0,0,0,0,0,0,0,0,0,0,福井県立恐竜博物館,,福井県年縞博物館,"10,000円以上 20,000円未満",満足,期待通り景色がとてもよかった。,満足,,感じた,公共機関での山頂公園へのアクセスが少ない(タクシー利用したが高くなるので、、),7,三方五湖の景色がよい,"年縞博物館で年縞のレプリカプレート(アクリルで半透明の)オシャレなキーホルダーがあるだろうなと思ったらなかった。年縞をプリントした紙が入っただけのキーホルダーは大きさはよいがセンスがない。。単体での綺麗さやカッコよさのあるお土産のデザインがほしい。
道の駅と野鳥観察館は立ち寄りだがよかった。初めてミサゴを見ました。",機会があれば行きたい,今回マンホールカードとロゲットカードを道標に有名どころ(東尋坊、福井、一乗谷、大野、勝山、敦賀、三方五湖)を回ったが、交通もよく回りやすく非常によかった。若狭方面も今後調べて行こうと思っているが、歴史や自然等色々あると思うのでアピールしていってほしい。(若狭彦神社は一ノ宮や明神大社で有名と思うのですがあんまり栄えてないのでしょうか、、)
149775,東尋坊 エリア,男,1989,35,30代,東京都,品川区,500万円以上 600万円未満,mobile/android,2024-01-28 02:17:47,1月,スーベニアショップ ラプトル エリア,25.スーベニアショップ ラプトル エリア,勝山市,勝山市・大野市,勝山市観光まちづくり(株),4泊以上,4泊以上,福井エリア（福井市・永平寺町）,福井県外には宿泊しない,自分ひとり,"名所、旧跡の観光
",0,0,0,0,1,0,0,0,0,0,0,0,0,0,0,0,0,ロゲットカード,"在来線
",0,0,0,0,0,0,0,"路線バス
",0,1,0,0,とても満足,大野市から博物館に来たが特に問題なくアクセスできた。(イトヨの里からバスで勝山駅に行き、恐竜博物館へ。帰りはバスで勝山駅&rarr;福井&rarr;敦賀と問題なく移動できた),"20,000円以上 30,000円未満","30,000円以上 40,000円未満","20,000円以上 30,000円未満",初めて,"その他
",0,0,0,0,0,0,0,0,0,0,0,0,0,0,選択なし/該当施設なし,,レインボーライン,"1,000円未満",どちらでもない,特に何か欲しいものがなかった。ロゲットカードの写真は展示の中でも見栄えがよく素晴らしいと思った。,満足,博物館の内部のデザインや展示は非常に見栄えがよくよかった。,感じなかった,,5,恐竜への興味はあまりなく有名どころということで大野市のあと勝山に来たが、恐竜好きや子供にとてもよいと思った。,鳥が好きなので、始祖鳥や鳥にも詳しい展示があるとよかった(見落としていたらすいません),機会があれば行きたい,
149775,東尋坊 エリア,男,1989,35,30代,東京都,品川区,500万円以上 600万円未満,mobile/android,2024-01-28 02:04:38,1月,一乗谷朝倉氏遺跡 エリア,06.一乗谷朝倉氏遺跡 エリア,福井市,福井市・永平寺町,,4泊以上,4泊以上,福井エリア（福井市・永平寺町）,福井県外には宿泊しない,自分ひとり,"名所、旧跡の観光
",0,0,0,0,1,0,0,0,0,0,0,0,0,0,0,0,0,ロゲットカード,"在来線
",0,0,0,1,0,0,0,"在来線
",0,0,0,0,満足,,"20,000円以上 30,000円未満","30,000円以上 40,000円未満","20,000円以上 30,000円未満",初めて,"その他
",0,0,0,0,0,0,0,0,0,0,0,0,0,0,選択なし/該当施設なし,御清水,越前大野城,"1,000円以上 3,000円未満",満足,,満足,一乗谷博物館の展示が詳しくよかった。,感じた,"道の駅が遠かったことと、バスの本数が少なかったこと
ただ雪が降っていて歩いたためで、普段ならレンタサイクルで問題ない距離と思う",7,一乗谷博物館の展示がよい,"一乗谷城の上からの一乗谷の眺めを一度見てみたいと思うが、時間も限られ、登山も経験がなく難しい。簡易でよいので展望台とロープウェー？等があるとうれしい。
エナガを見かけたので、野鳥が集まるスポットを作ったら野鳥観察や散歩、撮影に来る人がいそう。
いつも記念に観光地名の書いてあるマグネットやキーホルダー等を買っているが、博物館にこれといったカッコいいものがなかった。(道の駅で一乗谷と書いてある道の駅キーホルダーを購入した)",機会があれば行きたい,
149799,web,男,1966,58,50代,岡山県,岡山市北区,200万円以上 300万円未満,mobile/iphone,2024-01-31 11:24:07,1月,福井駅前 エリア（宿泊施設）,02.福井駅前 エリア（宿泊施設）,福井市,福井市・永平寺町,,3泊,2泊,福井エリア（福井市・永平寺町）,福井県外には宿泊しない,自分ひとり,"宿でのんびり過ごす
地元の美味しいものを食べる
",1,0,1,0,0,0,0,0,0,0,0,0,0,0,0,0,0,0,"在来線
",0,0,0,1,0,0,0,"在来線
",0,0,0,0,満足,ソースカツ丼など美味しいものを頂くことが出来た。,"5,000円以上 10,000円未満","10,000円以上 20,000円未満","10,000円以上 20,000円未満",2～5回目,"新聞・雑誌・ガイドブック
観光パンフレット・ポスター
",0,1,0,1,0,0,0,0,0,0,0,0,0,0,福井県立恐竜博物館,,岡太神社・大瀧神社,"5,000円以上 10,000円未満",満足,,どちらでもない,"食事出来るところが少ない。
寒いので鍋を頂けるところが少ない。",感じた,雪道なので、ある程度仕方ないと思いますが歩きにくかった。,9,新幹線開通ですかね。,,また行きたい（1年以内）,特にはない。
149732,web,女,1989,35,30代,福井県,福井市,300万円以上 400万円未満,mobile/iphone,2024-02-20 11:19:40,2月,三国湊 エリア,09.三国湊 エリア,坂井市,あわら市・坂井市,(一社)DMOさかい観光局,日帰り,福井県内には宿泊しない,福井県内には宿泊しない,福井県外には宿泊しない,親,"温泉や露天風呂
",0,1,0,0,0,0,0,0,0,0,0,0,0,0,0,0,0,0,"自家用車
",1,0,0,0,0,0,0,"自家用車
",0,0,0,0,とても満足,,"10,000円以上 20,000円未満","10,000円以上 20,000円未満","10,000円以上 20,000円未満",11回目以上,"観光展・物産展
",1,0,0,0,0,0,0,0,0,0,0,0,0,0,ふれあいパーク三里浜(道の駅「みくに」),,選択なし/該当施設なし,"10,000円以上 20,000円未満",とても満足,,とても満足,,感じなかった,,10,,,また行きたい（1年以内）,
149756,若狭高浜 エリア,女,1967,57,50代,京都府,舞鶴市,400万円以上 500万円未満,mobile/iphone,2024-03-13 22:20:00,3月,うみんぴあ大飯 エリア,84.うみんぴあ大飯 エリア,おおい町,嶺南西部,,日帰り,福井県内には宿泊しない,福井県内には宿泊しない,福井県外には宿泊しない,その他家族,"地元の美味しいものを食べる
",0,0,1,0,0,0,0,0,0,0,0,0,0,0,0,0,0,0,"自家用車
",1,0,0,0,0,0,0,"自家用車
",0,0,0,0,,,"1,000円以上 3,000円未満","1,000円以上 3,000円未満","5,000円以上 10,000円未満",2～5回目,"友人・知人
観光協会等の案内所
",0,0,0,0,0,0,0,0,0,0,1,1,0,0,選択なし/該当施設なし,,選択なし/該当施設なし,"1,000円未満",どちらでもない,,満足,ゆっくり出来そう、今度はこちらでコーヒーが飲みたいと思った,感じなかった,,5,,,また行きたい（1年以内）,
149786,web,女,1992,32,30代,福井県,鯖江市,分からない/無回答,mobile/iphone,2024-03-23 13:55:56,3月,金ヶ崎 エリア,64.金ヶ崎 エリア,敦賀市,嶺南東部,,日帰り,福井県内には宿泊しない,福井県内には宿泊しない,福井県外には宿泊しない,その他家族,"買い物、アウトレット
",0,0,0,0,0,0,1,0,0,0,0,0,0,0,0,0,0,駅のプラレールを見に,"自家用車
",1,0,0,0,0,0,0,"自家用車
",0,0,0,0,どちらでもない,,使わない,"1,000円未満","1,000円以上 3,000円未満",6～10回目,"その他
",0,0,0,0,0,0,0,0,0,0,0,0,0,0,敦賀赤レンガ倉庫,,選択なし/該当施設なし,"1,000円以上 3,000円未満",どちらでもない,,どちらでもない,,感じなかった,,3,,,福井県在住,
149746,北陸新幹線 越前たけふ駅 エリア,女,1971,53,50代,愛知県,愛西市,分からない/無回答,mobile/android,2024-03-31 11:03:42,3月,道の駅「南えちぜん山海里」 エリア,58.道の駅「南えちぜん山海里」 エリア,南越前町,丹南,,1泊,福井県内には宿泊しない,福井県内には宿泊しない,石川県金沢市,夫婦2人,"地元の美味しいものを食べる
名所、旧跡の観光
",0,0,1,0,1,0,0,0,0,0,0,0,0,0,0,0,0,0,"自家用車
",1,0,0,0,0,0,0,"自家用車
",0,0,0,0,とても満足,,"5,000円以上 10,000円未満","5,000円以上 10,000円未満","20,000円以上 30,000円未満",11回目以上,"Instagram
",0,0,0,0,0,0,0,1,0,0,0,0,0,0,選択なし/該当施設なし,,選択なし/該当施設なし,"1,000円以上 3,000円未満",とても満足,,とても満足,,感じなかった,,10,,,,
149746,北陸新幹線 越前たけふ駅 エリア,女,1971,53,50代,愛知県,愛西市,分からない/無回答,mobile/android,2024-04-13 20:48:57,4月,一乗谷朝倉氏遺跡 エリア,06.一乗谷朝倉氏遺跡 エリア,福井市,福井市・永平寺町,,1泊,1泊,福井エリア（福井市・永平寺町）,福井県外には宿泊しない,夫婦2人,"地元の美味しいものを食べる
花見や紅葉などの自然鑑賞
名所、旧跡の観光
友人・親戚を尋ねる
",0,0,1,1,1,0,0,0,0,0,0,0,0,0,0,1,0,0,"自家用車
",1,0,0,0,0,0,0,"自家用車
",0,0,0,0,,,"10,000円以上 20,000円未満","5,000円以上 10,000円未満","5,000円以上 10,000円未満",2～5回目,"友人・知人
",0,0,0,0,0,0,0,0,0,0,1,0,0,0,足羽川桜並木,,丸岡城,"1,000円以上 3,000円未満",とても満足,,とても満足,,感じなかった,,10,,,また行きたい（1年以内）,
149746,北陸新幹線 越前たけふ駅 エリア,女,1971,53,50代,愛知県,愛西市,分からない/無回答,mobile/android,2024-04-14 16:56:21,4月,道の駅「恐竜渓谷かつやま」 エリア,26.道の駅「恐竜渓谷かつやま」 エリア,勝山市,勝山市・大野市,勝山市観光まちづくり(株),1泊,1泊,福井エリア（福井市・永平寺町）,福井県外には宿泊しない,夫婦2人,"友人・親戚を尋ねる
",0,0,0,0,0,0,0,0,0,0,0,0,0,0,0,1,0,0,"自家用車
",1,0,0,0,0,0,0,"自家用車
",0,0,0,0,,,"10,000円以上 20,000円未満","5,000円以上 10,000円未満","5,000円以上 10,000円未満",2～5回目,"友人・知人
",0,0,0,0,0,0,0,0,0,0,1,0,0,0,一乗谷朝倉氏遺跡,,越前大野城,"1,000円未満",満足,,満足,,感じなかった,,8,,,また行きたい（1年以内）,
149746,北陸新幹線 越前たけふ駅 エリア,女,1971,53,50代,愛知県,愛西市,分からない/無回答,mobile/android,2024-04-14 16:54:53,4月,道の駅「越前おおの荒島の郷」 エリア,22.道の駅「越前おおの荒島の郷」 エリア,大野市,勝山市・大野市,,1泊,1泊,福井エリア（福井市・永平寺町）,福井県外には宿泊しない,夫婦2人,"友人・親戚を尋ねる
",0,0,0,0,0,0,0,0,0,0,0,0,0,0,0,1,0,0,"自家用車
",1,0,0,0,0,0,0,"自家用車
",0,0,0,0,,,"10,000円以上 20,000円未満","5,000円以上 10,000円未満","5,000円以上 10,000円未満",2～5回目,"友人・知人
",0,0,0,0,0,0,0,0,0,0,1,0,0,0,足羽川桜並木,,選択なし/該当施設なし,"1,000円以上 3,000円未満",とても満足,,とても満足,,感じなかった,,10,,,また行きたい（1年以内）,
149746,北陸新幹線 越前たけふ駅 エリア,女,1971,53,50代,愛知県,愛西市,分からない/無回答,mobile/android,2024-04-14 16:52:13,4月,JR九頭竜湖駅 エリア,23.JR九頭竜湖駅 エリア,大野市,勝山市・大野市,,1泊,1泊,福井エリア（福井市・永平寺町）,福井県外には宿泊しない,夫婦2人,"友人・親戚を尋ねる
",0,0,0,0,0,0,0,0,0,0,0,0,0,0,0,1,0,0,"自家用車
",1,0,0,0,0,0,0,"自家用車
",0,0,0,0,,,"10,000円以上 20,000円未満","5,000円以上 10,000円未満","5,000円以上 10,000円未満",6～10回目,"友人・知人
",0,0,0,0,0,0,0,0,0,0,1,0,0,0,越前大野城,,選択なし/該当施設なし,"1,000円未満",満足,,満足,,感じなかった,,8,,,また行きたい（1年以内）,
149786,web,女,1992,32,30代,福井県,鯖江市,分からない/無回答,mobile/iphone,2024-04-27 11:20:57,4月,道の駅「西山公園」 エリア,44.道の駅「西山公園」 エリア,鯖江市,丹南,,日帰り,福井県内には宿泊しない,福井県内には宿泊しない,福井県外には宿泊しない,小学生以下連れの家族,"その他
",0,0,0,0,0,0,0,0,0,0,0,0,0,0,0,0,0,1,"自家用車
",1,0,0,0,0,0,0,"自家用車
",0,0,0,0,満足,,"1,000円未満",使わない,使わない,11回目以上,"その他
",0,0,0,0,0,0,0,0,0,0,0,0,0,0,選択なし/該当施設なし,,選択なし/該当施設なし,"1,000円未満",満足,,満足,,感じなかった,,7,,,,
149781,名勝 養浩館庭園 エリア,男,1972,52,50代,福井県,福井市,500万円以上 600万円未満,mobile/android,2024-05-01 11:32:37,5月,神楽通り エリア,62.神楽通りエリア,敦賀市,嶺南東部,,日帰り,福井県内には宿泊しない,福井県内には宿泊しない,福井県外には宿泊しない,自分ひとり,"名所、旧跡の観光
",0,0,0,0,1,0,0,0,0,0,0,0,0,0,0,0,0,0,"県外から訪れていない（福井県在住）
",1,0,0,0,0,0,1,"自家用車
",0,0,0,0,,,使わない,"1,000円以上 3,000円未満","1,000円以上 3,000円未満",初めて,"インターネット・アプリ
",0,0,0,0,0,1,0,0,0,0,0,0,0,0,人道の港 敦賀ムゼウム,,選択なし/該当施設なし,使わない,満足,誰でも入れて情報が取れる,満足,みちがきれいで景色が良い,感じなかった,,5,暑い日や寒い日は良いと思う,,また行きたい（1年以内）,
149781,名勝 養浩館庭園 エリア,男,1972,52,50代,福井県,福井市,500万円以上 600万円未満,mobile/android,2024-05-01 11:17:46,5月,金ヶ崎 エリア,64.金ヶ崎 エリア,敦賀市,嶺南東部,,日帰り,福井県内には宿泊しない,福井県内には宿泊しない,福井県外には宿泊しない,自分ひとり,"名所、旧跡の観光
",0,0,0,0,1,0,0,0,0,0,0,0,0,0,0,0,0,0,"県外から訪れていない（福井県在住）
",1,0,0,0,0,0,1,"自家用車
",0,0,0,0,,,使わない,"1,000円以上 3,000円未満","1,000円以上 3,000円未満",2～5回目,"インターネット・アプリ
",0,0,0,0,0,1,0,0,0,0,0,0,0,0,敦賀市立博物館,,選択なし/該当施設なし,使わない,不満,赤レンガが休館でした。GWなのに。,どちらでもない,,感じなかった,トイレが使えた。ムゼウムで。,5,敦賀の情報が取れる,,また行きたい（1年以内）,
149781,名勝 養浩館庭園 エリア,男,1972,52,50代,福井県,福井市,500万円以上 600万円未満,mobile/android,2024-05-01 10:41:24,5月,敦賀市立博物館 エリア,65.敦賀市立博物館 エリア,敦賀市,嶺南東部,,日帰り,福井県内には宿泊しない,福井県内には宿泊しない,福井県外には宿泊しない,自分ひとり,"名所、旧跡の観光
",0,0,0,0,1,0,0,0,0,0,0,0,0,0,0,0,0,0,"県外から訪れていない（福井県在住）
",1,0,0,0,0,0,1,"自家用車
",0,0,0,0,,,使わない,"1,000円以上 3,000円未満","1,000円以上 3,000円未満",初めて,"TV・ラジオ番組やCM
インターネット・アプリ
",0,0,1,0,0,1,0,0,0,0,0,0,0,0,敦賀駅,,敦賀赤レンガ倉庫,"1,000円未満",満足,展示内容が良く、撮影可能だったため。,とても満足,きれいで清潔。説明がよく表示されていた。,感じなかった,,5,鉄道に関する資料が良かったため,ラーメンと海鮮がいっしょに食べられる場所があると良い,また行きたい（1年以内）,
149789,web,男,1955,69,60代,福井県,鯖江市,500万円以上 600万円未満,mobile/android,2024-06-09 14:56:17,6月,花の駅 ゆりの里公園 エリア,14.花の駅 ゆりの里公園 エリア,坂井市,あわら市・坂井市,(一社)DMOさかい観光局,日帰り,福井県内には宿泊しない,福井県内には宿泊しない,福井県外には宿泊しない,親,"花見や紅葉などの自然鑑賞
名所、旧跡の観光
買い物、アウトレット
",0,0,0,1,1,0,1,0,0,0,0,0,0,0,0,0,0,0,"県外から訪れていない（福井県在住）
",1,0,0,0,0,0,1,"自家用車
",0,0,0,0,満足,無理なのに広い公園で満足。,使わない,"1,000円以上 3,000円未満","1,000円以上 3,000円未満",2～5回目,"TV・ラジオ番組やCM
",0,0,1,0,0,0,0,0,0,0,0,0,0,0,選択なし/該当施設なし,,選択なし/該当施設なし,"3,000円以上 5,000円未満",満足,駐車場に誘導員が配置されていた,満足,,感じなかった,,7,,,機会があれば行きたい,
149768,JR敦賀駅前 エリア,無回答,1965,59,50代,愛知県,瀬戸市,分からない/無回答,mobile/android,2024-07-09 09:08:35,7月,JR敦賀駅前 エリア,63.JR敦賀駅前 エリア,敦賀市,嶺南東部,,1泊,1泊,嶺南エリア（敦賀市・美浜町・若狭町・小浜市・おおい町・高浜町）,福井県外には宿泊しない,自分ひとり,"出張など仕事関係
",0,0,0,0,0,0,0,0,0,0,0,0,0,0,0,0,1,0,"自家用車
新幹線
",1,0,1,0,0,0,0,"自家用車
",0,0,0,0,,,"5,000円以上 10,000円未満","10,000円以上 20,000円未満","1,000円以上 3,000円未満",11回目以上,"インターネット・アプリ
",0,0,0,0,0,1,0,0,0,0,0,0,0,0,選択なし/該当施設なし,,選択なし/該当施設なし,"1,000円以上 3,000円未満",不満,お土産売り場の施設が少ない,不満,施設が少ない,感じなかった,,3,,,また行きたい（1年以内）,
149746,北陸新幹線 越前たけふ駅 エリア,女,1971,53,50代,愛知県,愛西市,分からない/無回答,mobile/android,2024-08-10 21:36:57,8月,かずら橋 エリア,48.かずら橋 エリア,池田町,丹南,（一財）いけだ農村観光公社,日帰り,福井県内には宿泊しない,福井県内には宿泊しない,福井県外には宿泊しない,夫婦2人,"地元の美味しいものを食べる
ドライブ・ツーリング
友人・親戚を尋ねる
その他
",0,0,1,0,0,0,0,0,0,0,0,0,0,0,1,1,0,0,"自家用車
",1,0,0,0,0,0,0,"自家用車
",0,0,0,0,,,使わない,"5,000円以上 10,000円未満","3,000円以上 5,000円未満",2～5回目,"観光パンフレット・ポスター
インターネット・アプリ
",0,0,0,1,0,1,0,0,0,0,0,0,0,0,選択なし/該当施設なし,,選択なし/該当施設なし,"1,000円以上 3,000円未満",満足,フォーシーズンズテラスに飲食商品やお土産品がふえるとうれしいです。,満足,,感じた,"飲食
お土産",10,,,また行きたい（1年以内）,
149791,小浜 エリア（宿泊施設）,女,1958,66,60代,福井県,鯖江市,400万円以上 500万円未満,mobile/iphone,2024-09-08 20:54:48,9月,越前そばの里 エリア,37.越前そばの里 エリア,越前市,丹南,,日帰り,福井県内には宿泊しない,福井県内には宿泊しない,福井県外には宿泊しない,夫婦2人,"買い物、アウトレット
まちあるき、都市散策
",0,0,0,0,0,0,1,0,0,0,1,0,0,0,0,0,0,0,"自家用車
",1,0,0,0,0,0,0,"自家用車
",0,0,0,0,,,使わない,使わない,"5,000円以上 10,000円未満",2～5回目,"新聞・雑誌・ガイドブック
",0,1,0,0,0,0,0,0,0,0,0,0,0,0,選択なし/該当施設なし,,選択なし/該当施設なし,"5,000円以上 10,000円未満",どちらでもない,,どちらでもない,,感じなかった,,2,,,,
149746,北陸新幹線 越前たけふ駅 エリア,女,1971,53,50代,愛知県,愛西市,分からない/無回答,mobile/android,2024-09-28 14:36:17,9月,JR敦賀駅前 エリア,63.JR敦賀駅前 エリア,敦賀市,嶺南東部,,日帰り,福井県内には宿泊しない,福井県内には宿泊しない,福井県外には宿泊しない,夫婦2人,"地元の美味しいものを食べる
名所、旧跡の観光
お祭りやイベントへの参加・見物
",0,0,1,0,1,0,0,1,0,0,0,0,0,0,0,0,0,0,"自家用車
",1,0,0,0,0,0,0,"自家用車
",0,0,0,0,,,使わない,"5,000円以上 10,000円未満","10,000円以上 20,000円未満",6～10回目,"Instagram
",0,0,0,0,0,0,0,1,0,0,0,0,0,0,選択なし/該当施設なし,,選択なし/該当施設なし,"5,000円以上 10,000円未満",満足,,満足,,感じなかった,,10,,,,
